"丽泽桥,六里桥,太平桥",1012,__label__101
"花乡,看丹桥",398,__label__102
"公主坟,万寿路",384,__label__103
"花乡,玉泉营",383,__label__104
南苑,308,__label__105
十八里店,308,__label__106
"小红门,旧宫",295,__label__107
"潘家园,劲松,南磨房",268,__label__108
"看丹桥,花乡",238,__label__109
"望京,花家地,来广营",226,__label__110
"六里桥,丽泽桥,太平桥",207,__label__111
"十八里店,潘家园,劲松",195,__label__112
"十八里店,南磨房,潘家园",180,__label__113
"小红门,十八里店,成寿寺",168,__label__114
"学院路,五道口,北航",166,__label__115
"亮马桥,三元桥,燕莎",161,__label__116
新发地,154,__label__117
"航天桥,八里庄,北洼路",152,__label__118
"大红门,木樨园,洋桥",150,__label__119
"十八里店,小红门,成寿寺",148,__label__120
"南苑,东高地",147,__label__121
"花乡,新发地",146,__label__122
"团结湖,朝阳公园,水碓子",144,__label__123
"太阳宫,花家地,望京",135,__label__124
"嘉园,草桥,马家堡",132,__label__125
"小红门,成寿寺,十八里店",129,__label__126
"菜户营,丽泽桥,六里桥",127,__label__127
"大红门,洋桥,木樨园",121,__label__128
"芍药居,对外经贸,小营",121,__label__129
"天安门,和平门,前门",117,__label__130
"草桥,嘉园,马家堡",114,__label__131
"南磨房,劲松,潘家园",111,__label__132
"健翔桥,奥运村,二里庄",108,__label__133
"方庄,成寿寺,东铁匠营",106,__label__134
"中关村,知春路,双榆树",104,__label__135
"望京,花家地,大山子",101,__label__136
"西直门,动物园,交通大学",100,__label__137
"万寿路,公主坟",99,__label__138
"玉泉营,花乡",99,__label__139
"天安门,前门,大栅栏",97,__label__140
亦庄,97,__label__141
"万柳,苏州桥,万泉河",96,__label__142
"宋家庄,刘家窑,东铁匠营",94,__label__143
"大红门,刘家窑,赵公口",93,__label__144
"太阳宫,芍药居,对外经贸",93,__label__145
"酒仙桥,将台路,大山子",92,__label__146
"万寿路,公主坟,五棵松",92,__label__147
"天安门,前门,和平门",91,__label__148
"五道口,清华大学,中关村",89,__label__149
"玉泉营,草桥,花乡",89,__label__150
"三元桥,麦子店,亮马桥",87,__label__151
"燕莎,三元桥,亮马桥",85,__label__152
"玉泉营,草桥,嘉园",85,__label__153
"朝阳门,朝外,工体",84,__label__154
"亚运村,奥运村,安慧桥",83,__label__155
"左家庄,国展,西坝河",81,__label__156
"菜户营,大观园,南菜园",81,__label__157
"草桥,嘉园,玉泉营",80,__label__158
"安贞,安华,小关",80,__label__159
"草桥,玉泉营,嘉园",79,__label__160
"安贞,安华,安定门",78,__label__161
"潘家园,劲松,十八里店",77,__label__162
"景山,沙滩,地安门",77,__label__163
"太阳宫,三元桥,国展",74,__label__164
"西客站,六里桥,太平桥",74,__label__165
"白石桥,魏公村,万寿寺",73,__label__166
"紫竹桥,花园桥,航天桥",72,__label__167
"小红门,成寿寺,宋家庄",71,__label__168
"永定门,天坛,沙子口",70,__label__169
"丽泽桥,六里桥,菜户营",70,__label__170
"颐和园,西苑",70,__label__171
"小关,安慧桥,亚运村",69,__label__172
"颐和园,万柳,苏州桥",68,__label__173
"展览路,百万庄,阜成门",68,__label__174
"王府井,东单,灯市口",67,__label__175
"紫竹桥,四季青,世纪城",67,__label__176
"北航,学院路,知春路",67,__label__177
"劲松,南磨房,潘家园",66,__label__178
"太阳宫,西坝河,国展",66,__label__179
"团结湖,朝阳公园,甜水园",66,__label__180
"万泉河,苏州桥,苏州街",66,__label__181
"方庄,蒲黄榆,东铁匠营",65,__label__182
"赵公口,刘家窑,东铁匠营",65,__label__183
"远大路,世纪城,四季青",65,__label__184
"新街口,德胜门,积水潭",65,__label__185
"安贞,小关,安华",64,__label__186
"开阳里,右安门,嘉园",64,__label__187
"紫竹桥,车道沟,北洼路",64,__label__188
"开阳里,右安门,陶然亭",64,__label__189
"亮马桥,燕莎,三元桥",64,__label__190
"方庄,蒲黄榆,刘家窑",63,__label__191
"三里河,甘家口,百万庄",63,__label__192
"南磨房,潘家园,十八里店",63,__label__193
"丽泽桥,菜户营,六里桥",63,__label__194
"花家地,望京,太阳宫",63,__label__195
"万寿路,五棵松,公主坟",61,__label__196
"龙潭湖,光明楼,广渠门",61,__label__197
"新世界,崇文门,磁器口",61,__label__198
"洋桥,马家堡,木樨园",60,__label__199
"永定门,沙子口,木樨园",60,__label__200
"东直门,三里屯,左家庄",60,__label__201
"和平里,和平街,安贞",60,__label__202
"太阳宫,国展,三元桥",60,__label__203
"交通大学,北下关,西直门",59,__label__204
"西四,金融街,阜成门",59,__label__205
"大望路,百子湾,双井",59,__label__206
"北大地,看丹桥,科技园区",59,__label__207
"西直门,动物园,官园",58,__label__208
"方庄,东铁匠营,刘家窑",58,__label__209
"永定门,沙子口,天坛",58,__label__210
"景山,沙滩,美术馆",58,__label__211
"蓟门桥,北太平庄,大钟寺",57,__label__212
"颐和园,北京大学,西苑",56,__label__213
"西单,金融街,复兴门",56,__label__214
"广渠门,花市,光明楼",56,__label__215
"右安门,开阳里,陶然亭",56,__label__216
"朝阳公园,亮马桥,麦子店",56,__label__217
"双井,广渠门,劲松",55,__label__218
"建外大街,CBD,建国门",55,__label__219
"白石桥,魏公村,北下关",55,__label__220
"方庄,东铁匠营,成寿寺",55,__label__221
"五道口,中关村,清华大学",53,__label__222
"景山,地安门,沙滩",53,__label__223
"公主坟,万寿路,军博",53,__label__224
"科技园区,看丹桥,北大地",53,__label__225
"将台路,酒仙桥,大山子",53,__label__226
"安慧桥,亚运村,奥运村",53,__label__227
"双井,南磨房,劲松",52,__label__228
"大红门,刘家窑,宋家庄",52,__label__229
"苏州桥,万柳,万泉河",52,__label__230
"德胜门,六铺炕,鼓楼",51,__label__231
"大观园,菜户营,右安门",51,__label__232
"西直门,动物园,展览路",51,__label__233
"苏州桥,人民大学,苏州街",51,__label__234
"丽泽桥,岳各庄,青塔",51,__label__235
"科技园区,看丹桥,世界公园",51,__label__236
"广内大街,广安门,白广路",50,__label__237
"建外大街,CBD,国贸",50,__label__238
"广渠门,光明楼,龙潭湖",50,__label__239
"大望路,华贸,红庙",50,__label__240
"建外大街,国贸,CBD",50,__label__241
"广安门,广外大街,天宁寺",50,__label__242
"紫竹桥,车道沟,万寿寺",50,__label__243
"航天桥,花园桥,紫竹桥",50,__label__244
"大红门,赵公口,刘家窑",50,__label__245
"地安门,什刹海,后海",49,__label__246
"小营,对外经贸,芍药居",48,__label__247
"西单,和平门,宣武门",48,__label__248
"德胜门,新街口,小西天",48,__label__249
"安慧桥,亚运村,小关",48,__label__250
"十八里店,潘家园,南磨房",48,__label__251
"嘉园,草桥,玉泉营",47,__label__252
"航天桥,八里庄,花园桥",47,__label__253
"成寿寺,小红门,东铁匠营",47,__label__254
"嘉园,马家堡,角门",47,__label__255
"知春路,中关村,双榆树",46,__label__256
"北京站,建国门,新世界",46,__label__257
"马甸,北太平庄,德胜门",46,__label__258
"南磨房,十八里店,潘家园",46,__label__259
"岳各庄,丽泽桥,丰台体育馆",46,__label__260
"小关,安贞,安慧桥",46,__label__261
"太阳宫,对外经贸,芍药居",46,__label__262
"看丹桥,科技园区,北大地",46,__label__263
"洋桥,木樨园,永定门",45,__label__264
"朝阳门,东四,朝外",45,__label__265
"天坛,磁器口,体育馆路",45,__label__266
"潘家园,劲松,双井",45,__label__267
"菜市口,陶然亭,虎坊桥",44,__label__268
"建国门,建外大街,CBD",44,__label__269
"花乡,玉泉营,草桥",44,__label__270
"天坛,体育馆路,磁器口",44,__label__271
"东直门,海运仓,东四",44,__label__272
"马甸,安贞,安华",43,__label__273
"望京,大山子,花家地",43,__label__274
"前门,天安门,大栅栏",43,__label__275
"麦子店,朝阳公园,亮马桥",43,__label__276
"沙滩,景山,美术馆",43,__label__277
"宣武门,和平门,西单",43,__label__278
"公主坟,万寿路,五棵松",42,__label__279
"西直门,动物园,小西天",42,__label__280
"马甸,北太平庄,牡丹园",42,__label__281
"大望路,百子湾,华贸",42,__label__282
"航天桥,甘家口,车公庄",42,__label__283
"军博,公主坟,万寿路",42,__label__284
"朝外,朝阳门,东大桥",41,__label__285
"小关,惠新里,对外经贸",41,__label__286
"北京大学,中关村,颐和园",41,__label__287
"学院路,北航,五道口",41,__label__288
"健翔桥,北太平庄,牡丹园",41,__label__289
"皂君庙,北下关,大钟寺",41,__label__290
"柳芳,左家庄,国展",40,__label__291
"北太平庄,蓟门桥,马甸",40,__label__292
"小西天,新街口,德胜门",40,__label__293
"朝阳门,朝外,东四",40,__label__294
"菜户营,大观园,右安门",40,__label__295
"菜市口,牛街,广内大街",40,__label__296
"太阳宫,西坝河,左家庄",40,__label__297
"工体,三里屯,朝外",40,__label__298
"双榆树,当代,人民大学",40,__label__299
"嘉园,马家堡,草桥",40,__label__300
"三里河,月坛,木樨地",40,__label__301
"岳各庄,丽泽桥,青塔",40,__label__302
"看丹桥,北大地,科技园区",40,__label__303
"复兴门,金融街,西单",39,__label__304
"马家堡,嘉园,角门",39,__label__305
"团结湖,朝阳公园,三里屯",39,__label__306
"西单,复兴门,金融街",39,__label__307
"成寿寺,东铁匠营,方庄",39,__label__308
"安贞,安华,马甸",38,__label__309
"西苑,颐和园",38,__label__310
"太阳宫,三元桥,花家地",38,__label__311
"美术馆,东四,景山",38,__label__312
"北太平庄,小西天,新街口",38,__label__313
"天坛,磁器口,天桥",38,__label__314
"洋桥,木樨园,马家堡",38,__label__315
"洋桥,木樨园,大红门",38,__label__316
"成寿寺,小红门,十八里店",38,__label__317
"亚运村,奥运村,大屯",38,__label__318
"天坛,永定门,天桥",38,__label__319
"丽泽桥,岳各庄,丰台体育馆",38,__label__320
"建国门,CBD,国贸",37,__label__321
"地安门,什刹海,景山",37,__label__322
"东直门,和平里,柳芳",37,__label__323
"亮马桥,三元桥,左家庄",37,__label__324
"龙潭湖,光明楼,天坛",37,__label__325
"蓟门桥,北太平庄,学院路",36,__label__326
"月坛,南礼士路,复兴门",36,__label__327
"北下关,交通大学,皂君庙",36,__label__328
"CBD,双井,国贸",36,__label__329
"安定门,和平里,安贞",36,__label__330
"广渠门,花市,磁器口",36,__label__331
"西苑,颐和园,北京大学",35,__label__332
"南磨房,大望路,百子湾",35,__label__333
"北大地,看丹桥,丰台体育馆",35,__label__334
"洋桥,木樨园,西罗园",35,__label__335
"安贞,和平街,和平里",35,__label__336
"航天桥,八里庄,定慧寺",35,__label__337
"北京大学,颐和园,西苑",35,__label__338
"万寿路,公主坟,军博",35,__label__339
"开阳里,右安门,马家堡",35,__label__340
"成寿寺,东铁匠营,小红门",35,__label__341
"中关村,知春路,人民大学",35,__label__342
"右安门,白纸坊,菜市口",34,__label__343
"花家地,望京,来广营",34,__label__344
"草桥,玉泉营,花乡",34,__label__345
"三里河,月坛,复兴门",34,__label__346
"什刹海,鼓楼,地安门",34,__label__347
"万寿寺,紫竹桥,车道沟",34,__label__348
"西四,阜成门,金融街",34,__label__349
"地安门,景山,什刹海",34,__label__350
"左家庄,柳芳,国展",34,__label__351
"白石桥,动物园,西直门",34,__label__352
"刘家窑,东铁匠营,方庄",34,__label__353
"左家庄,三元桥,亮马桥",33,__label__354
"八里庄,航天桥,定慧寺",33,__label__355
"亚运村,小营,安慧桥",33,__label__356
"龙潭湖,天坛,体育馆路",33,__label__357
"小西天,德胜门,积水潭",33,__label__358
"三元桥,太阳宫,国展",33,__label__359
"甜水园,朝阳公园,水碓子",33,__label__360
"新街口,德胜门,小西天",33,__label__361
"军博,木樨地,公主坟",33,__label__362
"菜户营,大观园,玉泉营",32,__label__363
"西客站,广外大街,马连道",32,__label__364
"万柳,苏州桥,颐和园",32,__label__365
"万寿寺,紫竹桥,魏公村",32,__label__366
"对外经贸,小关,惠新里",32,__label__367
"呼家楼,京广桥,团结湖",32,__label__368
"东铁匠营,成寿寺,宋家庄",32,__label__369
"万寿寺,魏公村,紫竹桥",31,__label__370
"八里庄,定慧寺,航天桥",31,__label__371
"北太平庄,小西天,北下关",31,__label__372
"安定门,安贞,和平里",31,__label__373
"左家庄,国展,柳芳",31,__label__374
"玉泉营,草桥,菜户营",31,__label__375
"安定门,雍和宫,交道口",31,__label__376
"东铁匠营,宋家庄,刘家窑",31,__label__377
"牛街,广内大街,菜市口",31,__label__378
"广渠门,双井,劲松",31,__label__379
"大望路,华贸,百子湾",31,__label__380
"复兴门,金融街,月坛",31,__label__381
"工体,三里屯,团结湖",31,__label__382
"展览路,动物园,西直门",31,__label__383
"刘家窑,东铁匠营,宋家庄",31,__label__384
"西四,新街口,什刹海",31,__label__385
"大望路,红庙,华贸",31,__label__386
"大望路,百子湾,四惠",30,__label__387
"东单,王府井,天安门",30,__label__388
"西罗园,木樨园,永定门",30,__label__389
"安定门,鼓楼,六铺炕",30,__label__390
"万柳,苏州桥,远大路",30,__label__391
"东单,王府井,灯市口",30,__label__392
"中关村,北京大学,五道口",30,__label__393
"虎坊桥,天桥,陶然亭",30,__label__394
"三里屯,工体,团结湖",30,__label__395
"东四,朝阳门,美术馆",30,__label__396
"天桥,虎坊桥,陶然亭",29,__label__397
"建国门,北京站,建外大街",29,__label__398
"三里屯,工体,朝阳公园",29,__label__399
"大红门,赵公口,木樨园",29,__label__400
"木樨园,沙子口,永定门",29,__label__401
"天坛,天桥,磁器口",29,__label__402
"角门,马家堡,洋桥",29,__label__403
"宋家庄,东铁匠营,刘家窑",29,__label__404
"北京站,建国门,建外大街",28,__label__405
"小营,芍药居,对外经贸",28,__label__406
"安定门,雍和宫,和平里",28,__label__407
"朝阳公园,麦子店,亮马桥",28,__label__408
"北下关,交通大学,西直门",28,__label__409
"天宁寺,广外大街,广安门",28,__label__410
"东直门,三里屯,工体",28,__label__411
"木樨地,军博,三里河",28,__label__412
"北京站,建国门,朝阳门",28,__label__413
"天桥,虎坊桥,珠市口",28,__label__414
"虎坊桥,天桥,珠市口",28,__label__415
"潘家园,十八里店,劲松",28,__label__416
"芍药居,小营,对外经贸",28,__label__417
"五道口,学院路,北航",28,__label__418
"马家堡,嘉园,草桥",28,__label__419
"玉泉营,草桥,大观园",28,__label__420
"动物园,西直门,北下关",28,__label__421
"健翔桥,二里庄,奥运村",28,__label__422
"天桥,天坛,永定门",28,__label__423
"八里庄,北洼路,航天桥",27,__label__424
"什刹海,地安门,鼓楼",27,__label__425
"草桥,玉泉营,大观园",27,__label__426
"对外经贸,芍药居,小营",27,__label__427
"奥运村,健翔桥,亚运村",27,__label__428
"安慧桥,亚运村,小营",27,__label__429
"大红门,洋桥,角门",27,__label__430
"德胜门,北太平庄,新街口",27,__label__431
"东单,王府井,北京站",27,__label__432
"三里屯,亮马桥,三元桥",27,__label__433
"金融街,复兴门,西单",27,__label__434
"太平桥,丽泽桥,六里桥",27,__label__435
"木樨园,马家堡,角门",27,__label__436
"永定门,西罗园,洋桥",27,__label__437
"刘家窑,赵公口,东铁匠营",26,__label__438
"学院路,二里庄,健翔桥",26,__label__439
"紫竹桥,北洼路,八里庄",26,__label__440
"四季青,紫竹桥,世纪城",26,__label__441
"鼓楼,安定门,地安门",26,__label__442
"紫竹桥,北洼路,花园桥",26,__label__443
"颐和园,西苑,万泉河",26,__label__444
"西四,新街口,官园",26,__label__445
"中关村,人民大学,双榆树",26,__label__446
"航天桥,甘家口,三里河",26,__label__447
"三元桥,亮马桥,左家庄",26,__label__448
"北大地,丽泽桥,丰台体育馆",26,__label__449
"新世界,磁器口,崇文门",26,__label__450
"北太平庄,马甸,牡丹园",26,__label__451
"牡丹园,北太平庄,健翔桥",25,__label__452
"安定门,和平里,雍和宫",25,__label__453
"北太平庄,牡丹园,健翔桥",25,__label__454
"中关村,双安,双榆树",25,__label__455
"北太平庄,马甸,蓟门桥",25,__label__456
"天坛,磁器口,法华寺",25,__label__457
"中关村,人民大学,苏州桥",25,__label__458
"广安门,广外大街,广内大街",25,__label__459
"安贞,和平里,和平街",25,__label__460
"航天桥,花园桥,八里庄",25,__label__461
"花市,广渠门,北京站",25,__label__462
"安定门,交道口,雍和宫",25,__label__463
"魏公村,中关村,白石桥",25,__label__464
"白石桥,车公庄,甘家口",25,__label__465
"万泉河,苏州桥,万柳",24,__label__466
"大红门,宋家庄,刘家窑",24,__label__467
"柳芳,左家庄,和平里",24,__label__468
"小红门,成寿寺,东铁匠营",24,__label__469
"朝阳公园,团结湖,甜水园",24,__label__470
"西罗园,马家堡,木樨园",24,__label__471
"广安门,广外大街,红莲",24,__label__472
"和平里,柳芳,左家庄",24,__label__473
"光明楼,龙潭湖,广渠门",24,__label__474
"东直门,北新桥,雍和宫",24,__label__475
"木樨园,角门,马家堡",24,__label__476
"大红门,木樨园,赵公口",24,__label__477
"北京大学,颐和园,中关村",24,__label__478
"小西天,西直门,动物园",24,__label__479
"中关村,五道口,清华大学",24,__label__480
"龙潭湖,光明楼,体育馆路",24,__label__481
"甘家口,航天桥,三里河",24,__label__482
"北太平庄,牡丹园,学院路",24,__label__483
"天安门,东单,王府井",24,__label__484
"和平门,宣武门,西单",24,__label__485
"朝阳门,东四,海运仓",24,__label__486
"将台路,酒仙桥,花家地",24,__label__487
"复兴门,西便门,南礼士路",24,__label__488
"洋桥,马家堡,角门",24,__label__489
"西四,阜成门,官园",24,__label__490
"南磨房,双井,劲松",23,__label__491
"开阳里,右安门,洋桥",23,__label__492
"花家地,太阳宫,望京",23,__label__493
"北下关,皂君庙,交通大学",23,__label__494
"西客站,公主坟,军博",23,__label__495
"甘家口,三里河,百万庄",23,__label__496
"前门,珠市口,天桥",23,__label__497
"北大地,丰台体育馆,丽泽桥",23,__label__498
"雍和宫,北新桥,东直门",23,__label__499
"刘家窑,宋家庄,东铁匠营",23,__label__500
"红莲,广外大街,广安门",23,__label__501
"西四,新街口,阜成门",23,__label__502
"北大地,丰台体育馆,看丹桥",23,__label__503
"京广桥,朝外,东大桥",23,__label__504
"德胜门,积水潭,新街口",23,__label__505
"朝阳门,北京站,建国门",23,__label__506
"岳各庄,青塔,丽泽桥",23,__label__507
"展览路,百万庄,车公庄",22,__label__508
"和平门,前门,宣武门",22,__label__509
"洋桥,大红门,木樨园",22,__label__510
"北航,五道口,学院路",22,__label__511
"紫竹桥,八里庄,航天桥",22,__label__512
"和平门,前门,大栅栏",22,__label__513
"天桥,珠市口,前门",22,__label__514
"建国门,建外大街,北京站",22,__label__515
"长椿街,宣武门,复兴门",22,__label__516
"双井,劲松,潘家园",22,__label__517
"大望路,红庙,京广桥",22,__label__518
"健翔桥,奥运村,小关",22,__label__519
"紫竹桥,万寿寺,车道沟",22,__label__520
"将台路,花家地,酒仙桥",22,__label__521
"陶然亭,开阳里,右安门",22,__label__522
"北太平庄,牡丹园,马甸",22,__label__523
"菜市口,陶然亭,白纸坊",22,__label__524
"西便门,天宁寺,复兴门",22,__label__525
"三里河,月坛,军博",22,__label__526
"洋桥,西罗园,木樨园",22,__label__527
"菜市口,虎坊桥,陶然亭",21,__label__528
"玉泉营,花乡,草桥",21,__label__529
"苏州桥,万柳,紫竹桥",21,__label__530
"地安门,什刹海,鼓楼",21,__label__531
"东四,朝阳门,海运仓",21,__label__532
"马家堡,洋桥,木樨园",21,__label__533
"小关,安慧桥,安贞",21,__label__534
"北太平庄,蓟门桥,牡丹园",21,__label__535
"双榆树,大钟寺,中关村",21,__label__536
"CBD,国贸,建外大街",21,__label__537
"左家庄,柳芳,东直门",21,__label__538
"朝阳门,朝外,建外大街",21,__label__539
"丽泽桥,岳各庄,北大地",21,__label__540
"南磨房,双井,大望路",21,__label__541
"陶然亭,永定门,西罗园",21,__label__542
"八里庄,紫竹桥,航天桥",21,__label__543
"学院路,北航,北太平庄",21,__label__544
"劲松,潘家园,广渠门",21,__label__545
"花家地,望京,将台路",21,__label__546
"东铁匠营,刘家窑,赵公口",20,__label__547
"西客站,公主坟,万寿路",20,__label__548
"朝阳公园,亮马桥,燕莎",20,__label__549
"建外大街,CBD,东大桥",20,__label__550
"和平里,雍和宫,安定门",20,__label__551
"珠市口,天桥,前门",20,__label__552
"安贞,安定门,六铺炕",20,__label__553
"对外经贸,芍药居,太阳宫",20,__label__554
"东直门,左家庄,柳芳",20,__label__555
"马家堡,角门,嘉园",20,__label__556
"牛街,广安门,广内大街",20,__label__557
"大钟寺,蓟门桥,双榆树",20,__label__558
"宣武门,长椿街,和平门",20,__label__559
"西直门,动物园,新街口",20,__label__560
"广渠门,光明楼,花市",20,__label__561
"永定门,沙子口,赵公口",20,__label__562
"学院路,北太平庄,北航",20,__label__563
"蒲黄榆,方庄,刘家窑",20,__label__564
"知春路,北航,学院路",20,__label__565
"中关村,人民大学,苏州街",20,__label__566
"景山,地安门,什刹海",20,__label__567
"大红门,角门,马家堡",20,__label__568
"和平街,安贞,和平里",20,__label__569
"东四,美术馆,北新桥",19,__label__570
"和平街,和平里,左家庄",19,__label__571
"酒仙桥,亮马桥,燕莎",19,__label__572
"宣武门,和平门,菜市口",19,__label__573
"什刹海,后海,地安门",19,__label__574
"新街口,西四,德胜门",19,__label__575
"右安门,白纸坊,大观园",19,__label__576
"复兴门,南礼士路,月坛",19,__label__577
"安定门,安贞,鼓楼",19,__label__578
"和平里,安贞,安定门",19,__label__579
"德胜门,什刹海,后海",19,__label__580
"月坛,三里河,南礼士路",19,__label__581
"天桥,天坛,珠市口",19,__label__582
"望京,大山子,酒仙桥",19,__label__583
"王府井,东单,天安门",19,__label__584
"天桥,天坛,虎坊桥",19,__label__585
"天桥,虎坊桥,天坛",19,__label__586
"广外大街,广安门,天宁寺",19,__label__587
"广安门,广外大街,菜户营",19,__label__588
"六铺炕,鼓楼,德胜门",19,__label__589
"蓟门桥,大钟寺,北太平庄",19,__label__590
"太阳宫,花家地,三元桥",19,__label__591
"芍药居,对外经贸,太阳宫",19,__label__592
"沙滩,美术馆,景山",19,__label__593
"前门,大栅栏,珠市口",19,__label__594
"永定门,陶然亭,西罗园",19,__label__595
"健翔桥,小关,马甸",19,__label__596
"CBD,大望路,国贸",19,__label__597
"朝阳门,朝外,东大桥",19,__label__598
"健翔桥,奥运村,亚运村",18,__label__599
"方庄,东铁匠营,蒲黄榆",18,__label__600
"木樨园,大红门,洋桥",18,__label__601
"鼓楼,什刹海,地安门",18,__label__602
"世纪城,四季青,远大路",18,__label__603
"官园,阜成门,车公庄",18,__label__604
"北太平庄,马甸,德胜门",18,__label__605
"北新桥,东直门,东四",18,__label__606
"阜成门,官园,展览路",18,__label__607
"东四,美术馆,朝阳门",18,__label__608
"中关村,双榆树,人民大学",18,__label__609
"呼家楼,京广桥,朝外",18,__label__610
"对外经贸,太阳宫,芍药居",18,__label__611
"天坛,蒲黄榆,方庄",18,__label__612
"天宁寺,西便门,广安门",18,__label__613
"木樨地,军博,公主坟",18,__label__614
"陶然亭,菜市口,虎坊桥",18,__label__615
"月坛,三里河,阜成门",18,__label__616
"宣武门,和平门,长椿街",18,__label__617
"紫竹桥,车道沟,苏州桥",18,__label__618
"八里庄,航天桥,紫竹桥",18,__label__619
"大钟寺,蓟门桥,皂君庙",18,__label__620
"刘家窑,赵公口,大红门",18,__label__621
"天坛,体育馆路,龙潭湖",18,__label__622
"马连道,广外大街,红莲",18,__label__623
"中关村,双榆树,双安",17,__label__624
"牛街,广内大街,广安门",17,__label__625
"白石桥,魏公村,紫竹桥",17,__label__626
"天坛,天桥,永定门",17,__label__627
"苏州桥,万泉河,万柳",17,__label__628
"体育馆路,天坛,法华寺",17,__label__629
"天坛,永定门,磁器口",17,__label__630
"花家地,将台路,望京",17,__label__631
"右安门,大观园,南菜园",17,__label__632
"和平里,和平街,柳芳",17,__label__633
"魏公村,白石桥,万寿寺",17,__label__634
"安定门,鼓楼,地安门",17,__label__635
"潘家园,劲松,广渠门",17,__label__636
"木樨园,洋桥,大红门",17,__label__637
"白石桥,车公庄,动物园",17,__label__638
"陶然亭,天桥,虎坊桥",17,__label__639
"CBD,建外大街,建国门",17,__label__640
"小关,安慧桥,对外经贸",17,__label__641
"奥运村,亚运村,安慧桥",17,__label__642
"开阳里,右安门,大观园",17,__label__643
"北太平庄,蓟门桥,大钟寺",17,__label__644
"北下关,交通大学,白石桥",17,__label__645
"北太平庄,学院路,牡丹园",17,__label__646
"小关,健翔桥,安贞",17,__label__647
"西单,和平门,复兴门",17,__label__648
"新街口,德胜门,西直门",16,__label__649
"德胜门,六铺炕,安贞",16,__label__650
"北太平庄,牡丹园,蓟门桥",16,__label__651
"健翔桥,奥运村,北沙滩",16,__label__652
"右安门,大观园,开阳里",16,__label__653
"亚运村,小关,安慧桥",16,__label__654
"紫竹桥,北洼路,航天桥",16,__label__655
"刘家窑,东铁匠营,赵公口",16,__label__656
"中关村,双榆树,知春路",16,__label__657
"什刹海,后海,德胜门",16,__label__658
"小关,安贞,健翔桥",16,__label__659
"北京站,新世界,建国门",16,__label__660
"阜成门,金融街,南礼士路",16,__label__661
"南磨房,潘家园,劲松",16,__label__662
"二里庄,健翔桥,奥运村",16,__label__663
"和平门,天安门,前门",16,__label__664
"后海,鼓楼,地安门",16,__label__665
"成寿寺,方庄,东铁匠营",16,__label__666
"学院路,健翔桥,二里庄",16,__label__667
"中关村,北京大学,苏州街",16,__label__668
"西便门,复兴门,天宁寺",15,__label__669
"角门,马家堡,嘉园",15,__label__670
"西四,新街口,德胜门",15,__label__671
"鼓楼,安定门,六铺炕",15,__label__672
"木樨地,三里河,军博",15,__label__673
"天坛,龙潭湖,体育馆路",15,__label__674
"芍药居,太阳宫,对外经贸",15,__label__675
"德胜门,新街口,积水潭",15,__label__676
"军博,木樨地,三里河",15,__label__677
"广安门,广外大街,大观园",15,__label__678
"大望路,华贸,四惠",15,__label__679
"东铁匠营,刘家窑,方庄",15,__label__680
"天宁寺,木樨地,西客站",15,__label__681
"动物园,西直门,小西天",15,__label__682
"新街口,德胜门,西四",15,__label__683
"二里庄,学院路,健翔桥",15,__label__684
"和平里,安定门,雍和宫",15,__label__685
"天宁寺,西便门,复兴门",15,__label__686
"天宁寺,广安门,广外大街",15,__label__687
"右安门,南菜园,大观园",15,__label__688
"景山,美术馆,沙滩",15,__label__689
"将台路,花家地,望京",15,__label__690
"东铁匠营,宋家庄,成寿寺",15,__label__691
"刘家窑,方庄,东铁匠营",15,__label__692
"新世界,崇文门,北京站",15,__label__693
"魏公村,白石桥,中关村",15,__label__694
"成寿寺,小红门,宋家庄",15,__label__695
"六铺炕,德胜门,鼓楼",15,__label__696
"南磨房,劲松,双井",15,__label__697
"北京站,东单,王府井",15,__label__698
"体育馆路,天坛,磁器口",15,__label__699
"大钟寺,皂君庙,双榆树",15,__label__700
"牡丹园,北太平庄,马甸",14,__label__701
"宣武门,长椿街,广内大街",14,__label__702
"三里屯,东直门,工体",14,__label__703
"阜成门,月坛,展览路",14,__label__704
"大观园,菜户营,南菜园",14,__label__705
"安定门,交道口,地安门",14,__label__706
"安华,安贞,马甸",14,__label__707
"北京大学,中关村,苏州街",14,__label__708
"太阳宫,西坝河,芍药居",14,__label__709
"航天桥,八里庄,紫竹桥",14,__label__710
"朝阳公园,团结湖,水碓子",14,__label__711
"天坛,蒲黄榆,永定门",14,__label__712
"万泉河,颐和园,苏州街",14,__label__713
"颐和园,万泉河,苏州街",14,__label__714
"丽泽桥,北大地,岳各庄",14,__label__715
"展览路,动物园,车公庄",14,__label__716
"潘家园,南磨房,劲松",14,__label__717
"望京,花家地,将台路",14,__label__718
"和平里,安定门,安贞",14,__label__719
"宣武门,长椿街,复兴门",14,__label__720
"大观园,右安门,菜户营",14,__label__721
"复兴门,月坛,南礼士路",14,__label__722
"朝阳门,东四,灯市口",14,__label__723
"中关村,魏公村,皂君庙",14,__label__724
"天坛,体育馆路,法华寺",14,__label__725
"京广桥,呼家楼,大望路",14,__label__726
"南磨房,大望路,双井",14,__label__727
"金融街,阜成门,西四",14,__label__728
"新街口,德胜门,什刹海",14,__label__729
"北京站,建国门,东单",14,__label__730
"万寿寺,魏公村,苏州桥",13,__label__731
"颐和园,西苑,北京大学",13,__label__732
"宋家庄,小红门,成寿寺",13,__label__733
"万泉河,苏州街,苏州桥",13,__label__734
"德胜门,鼓楼,六铺炕",13,__label__735
"新世界,崇文门,前门",13,__label__736
"官园,西直门,动物园",13,__label__737
"广安门,广内大街,天宁寺",13,__label__738
"中关村,大钟寺,双榆树",13,__label__739
"中关村,五道口,北京大学",13,__label__740
"北太平庄,蓟门桥,学院路",13,__label__741
"什刹海,德胜门,新街口",13,__label__742
"广外大街,广安门,广内大街",13,__label__743
"健翔桥,二里庄,学院路",13,__label__744
"紫竹桥,八里庄,四季青",13,__label__745
"交通大学,北下关,皂君庙",13,__label__746
"刘家窑,大红门,赵公口",13,__label__747
"和平门,西单,宣武门",13,__label__748
"航天桥,甘家口,花园桥",13,__label__749
"西便门,天宁寺,长椿街",13,__label__750
"大栅栏,前门,天安门",13,__label__751
"前门,大栅栏,和平门",13,__label__752
"前门,珠市口,大栅栏",13,__label__753
"动物园,北下关,交通大学",13,__label__754
"红莲,广外大街,马连道",13,__label__755
"六里桥,西客站,太平桥",13,__label__756
"东四,北新桥,东直门",13,__label__757
"永定门,西罗园,木樨园",13,__label__758
"小西天,北太平庄,新街口",13,__label__759
"旧宫,小红门",13,__label__760
"珠市口,磁器口,新世界",13,__label__761
"蒲黄榆,刘家窑,东铁匠营",13,__label__762
"奥运村,健翔桥,大屯",13,__label__763
"广安门,大观园,白纸坊",13,__label__764
"菜户营,玉泉营,大观园",13,__label__765
"成寿寺,东铁匠营,宋家庄",13,__label__766
"中关村,人民大学,知春路",13,__label__767
"天宁寺,木樨地,西便门",13,__label__768
"德胜门,新街口,什刹海",13,__label__769
"广内大街,广安门,牛街",13,__label__770
"燕莎,亮马桥,三元桥",13,__label__771
"北下关,大钟寺,皂君庙",13,__label__772
"北航,学院路,北太平庄",13,__label__773
"永定门,天坛,天桥",13,__label__774
"三里屯,工体,朝外",13,__label__775
"百子湾,大望路,南磨房",13,__label__776
"菜市口,白纸坊,右安门",13,__label__777
"雍和宫,北新桥,安定门",13,__label__778
"安定门,安贞,六铺炕",13,__label__779
"右安门,开阳里,大观园",13,__label__780
"东四,朝阳门,灯市口",12,__label__781
"三里屯,东直门,左家庄",12,__label__782
"大山子,望京,酒仙桥",12,__label__783
"东直门,海运仓,三里屯",12,__label__784
"国贸,大望路,CBD",12,__label__785
"木樨地,复兴门,三里河",12,__label__786
"马家堡,嘉园,洋桥",12,__label__787
"对外经贸,小营,芍药居",12,__label__788
"紫竹桥,八里庄,北洼路",12,__label__789
"双井,劲松,南磨房",12,__label__790
"西四,什刹海,新街口",12,__label__791
"工体,三里屯,东直门",12,__label__792
"阜成门,展览路,百万庄",12,__label__793
"阜成门,南礼士路,月坛",12,__label__794
"小营,亚运村,大屯",12,__label__795
"虎坊桥,天桥,菜市口",12,__label__796
"金融街,复兴门,月坛",12,__label__797
"呼家楼,团结湖,京广桥",12,__label__798
"马甸,安华,安贞",12,__label__799
"双井,劲松,广渠门",12,__label__800
"德胜门,鼓楼,什刹海",12,__label__801
"大观园,白纸坊,南菜园",12,__label__802
"后海,地安门,鼓楼",12,__label__803
"广安门,天宁寺,广外大街",12,__label__804
"海运仓,东直门,东四",12,__label__805
"苏州街,中关村,苏州桥",12,__label__806
"中关村,苏州街,北京大学",12,__label__807
"北京站,建国门,花市",12,__label__808
"大观园,右安门,开阳里",12,__label__809
"安慧桥,亚运村,对外经贸",12,__label__810
"安贞,马甸,安华",12,__label__811
"白石桥,车公庄,紫竹桥",12,__label__812
"双井,大望路,百子湾",11,__label__813
"东四,美术馆,景山",11,__label__814
"动物园,西直门,白石桥",11,__label__815
"宋家庄,刘家窑,小红门",11,__label__816
"天坛,永定门,蒲黄榆",11,__label__817
"太阳宫,国展,花家地",11,__label__818
"前门,和平门,大栅栏",11,__label__819
"魏公村,白石桥,北下关",11,__label__820
"大观园,右安门,南菜园",11,__label__821
"交道口,地安门,美术馆",11,__label__822
"奥运村,亚运村,健翔桥",11,__label__823
"太阳宫,对外经贸,和平街",11,__label__824
"北下关,白石桥,交通大学",11,__label__825
"三里屯,工体,东直门",11,__label__826
"大钟寺,双榆树,蓟门桥",11,__label__827
"白石桥,紫竹桥,车公庄",11,__label__828
"北大地,丰台体育馆,岳各庄",11,__label__829
"前门,大栅栏,天安门",11,__label__830
"公主坟,军博,万寿路",11,__label__831
"团结湖,朝阳公园,麦子店",11,__label__832
"鼓楼,六铺炕,德胜门",11,__label__833
"太阳宫,花家地,国展",11,__label__834
"和平里,东直门,柳芳",11,__label__835
"小西天,北太平庄,北下关",11,__label__836
"车公庄,甘家口,航天桥",11,__label__837
"前门,新世界,崇文门",11,__label__838
"鼓楼,六铺炕,安定门",11,__label__839
"北下关,皂君庙,大钟寺",11,__label__840
"三里河,甘家口,月坛",11,__label__841
"东直门,左家庄,三里屯",11,__label__842
"光明楼,广渠门,龙潭湖",11,__label__843
"小红门,宋家庄,成寿寺",11,__label__844
"官园,阜成门,西四",11,__label__845
"呼家楼,京广桥,CBD",11,__label__846
"北京大学,中关村,清华大学",11,__label__847
"清华大学,五道口,中关村",11,__label__848
"万泉河,苏州街,颐和园",11,__label__849
"地安门,鼓楼,什刹海",11,__label__850
"宋家庄,刘家窑,大红门",11,__label__851
"和平里,柳芳,和平街",11,__label__852
"东直门,三里屯,海运仓",11,__label__853
"北新桥,东四,东直门",11,__label__854
"动物园,西直门,新街口",11,__label__855
"左家庄,国展,三元桥",11,__label__856
"东四,美术馆,灯市口",11,__label__857
"和平门,大栅栏,前门",11,__label__858
"赵公口,木樨园,刘家窑",11,__label__859
"蒲黄榆,方庄,天坛",11,__label__860
"马连道,广外大街,西客站",11,__label__861
"新世界,北京站,崇文门",11,__label__862
"天安门,前门,新世界",11,__label__863
"酒仙桥,将台路,花家地",11,__label__864
"蓟门桥,大钟寺,知春路",11,__label__865
"柳芳,和平里,左家庄",11,__label__866
"车公庄,白石桥,甘家口",10,__label__867
"三里河,月坛,甘家口",10,__label__868
"万柳,苏州桥,世纪城",10,__label__869
"阜成门,月坛,南礼士路",10,__label__870
"金融街,西单,复兴门",10,__label__871
"开阳里,洋桥,马家堡",10,__label__872
"小西天,新街口,西直门",10,__label__873
"北航,知春路,学院路",10,__label__874
"工体,朝外,朝阳门",10,__label__875
"知春路,双榆树,大钟寺",10,__label__876
"亚运村,安慧桥,小关",10,__label__877
"三元桥,亮马桥,燕莎",10,__label__878
"健翔桥,小关,安贞",10,__label__879
"木樨地,天宁寺,军博",10,__label__880
"木樨园,洋桥,永定门",10,__label__881
"陶然亭,菜市口,右安门",10,__label__882
"小关,健翔桥,安慧桥",10,__label__883
"小西天,新街口,北太平庄",10,__label__884
"健翔桥,学院路,二里庄",10,__label__885
"亮马桥,燕莎,朝阳公园",10,__label__886
"新街口,西直门,动物园",10,__label__887
"东直门,海运仓,朝阳门",10,__label__888
"和平里,雍和宫,北新桥",10,__label__889
"菜市口,牛街,白纸坊",10,__label__890
"团结湖,三里屯,工体",10,__label__891
"赵公口,刘家窑,木樨园",10,__label__892
"前门,天安门,新世界",10,__label__893
"甜水园,朝阳公园,团结湖",10,__label__894
"美术馆,东四,交道口",10,__label__895
"万柳,颐和园,苏州桥",10,__label__896
"丽泽桥,北大地,丰台体育馆",10,__label__897
"北太平庄,健翔桥,牡丹园",10,__label__898
"大望路,CBD,国贸",10,__label__899
"大红门,角门,洋桥",10,__label__900
"西单,和平门,金融街",10,__label__901
"宋家庄,东铁匠营,成寿寺",10,__label__902
"赵公口,大红门,刘家窑",10,__label__903
"白石桥,北下关,交通大学",10,__label__904
"交道口,北新桥,东四",10,__label__905
"沙滩,景山,地安门",10,__label__906
"和平门,前门,天安门",10,__label__907
"大钟寺,蓟门桥,北太平庄",10,__label__908
"草桥,玉泉营,开阳里",10,__label__909
"团结湖,呼家楼,京广桥",10,__label__910
"甘家口,三里河,航天桥",10,__label__911
"和平门,宣武门,前门",10,__label__912
"白石桥,北下关,魏公村",10,__label__913
"菜市口,牛街,陶然亭",10,__label__914
"西客站,广外大街,天宁寺",10,__label__915
"学院路,北航,知春路",10,__label__916
"看丹桥,科技园区,世界公园",10,__label__917
"复兴门,西便门,长椿街",10,__label__918
"车公庄,甘家口,三里河",10,__label__919
"交道口,地安门,北新桥",10,__label__920
"右安门,白纸坊,白广路",10,__label__921
"安贞,小关,和平街",10,__label__922
"宋家庄,成寿寺,东铁匠营",10,__label__923
"德胜门,新街口,北太平庄",10,__label__924
"蒲黄榆,沙子口,永定门",10,__label__925
"大钟寺,皂君庙,蓟门桥",10,__label__926
"中关村,苏州街,苏州桥",10,__label__927
"和平街,安贞,对外经贸",9,__label__928
"西四,官园,阜成门",9,__label__929
"天桥,陶然亭,虎坊桥",9,__label__930
"广渠门,磁器口,花市",9,__label__931
"安贞,小关,马甸",9,__label__932
"新世界,崇文门,东单",9,__label__933
"马连道,红莲,广外大街",9,__label__934
"南菜园,白纸坊,大观园",9,__label__935
"建外大街,建国门,CBD",9,__label__936
"北太平庄,学院路,蓟门桥",9,__label__937
"双榆树,中关村,知春路",9,__label__938
"长椿街,西便门,天宁寺",9,__label__939
"北太平庄,德胜门,马甸",9,__label__940
"广渠门,花市,CBD",9,__label__941
"甘家口,航天桥,车公庄",9,__label__942
"广安门,广内大街,广外大街",9,__label__943
"朝阳公园,团结湖,麦子店",9,__label__944
"东四,海运仓,东直门",9,__label__945
"定慧寺,八里庄,航天桥",9,__label__946
"大栅栏,前门,和平门",9,__label__947
"奥运村,亚运村,大屯",9,__label__948
"方庄,蒲黄榆,天坛",9,__label__949
"北下关,皂君庙,魏公村",9,__label__950
"刘家窑,宋家庄,大红门",9,__label__951
"建外大街,建国门,朝阳门",9,__label__952
"花市,广渠门,磁器口",9,__label__953
"玉泉营,菜户营,草桥",9,__label__954
"复兴门,西便门,天宁寺",9,__label__955
"天坛,体育馆路,永定门",9,__label__956
"前门,珠市口,新世界",9,__label__957
"西直门,新街口,动物园",9,__label__958
"复兴门,金融街,西便门",9,__label__959
"北新桥,东直门,雍和宫",9,__label__960
"天安门,和平门,宣武门",9,__label__961
"大望路,京广桥,红庙",9,__label__962
"紫竹桥,万寿寺,魏公村",9,__label__963
"工体,朝阳门,朝外",9,__label__964
"东直门,和平里,三里屯",9,__label__965
"洋桥,角门,木樨园",9,__label__966
"工体,朝外,三里屯",9,__label__967
"阜成门,官园,金融街",9,__label__968
"天宁寺,广安门,西便门",9,__label__969
"北京站,朝阳门,建国门",9,__label__970
"安定门,鼓楼,安贞",9,__label__971
"什刹海,德胜门,后海",9,__label__972
"八里庄,紫竹桥,四季青",9,__label__973
"大望路,百子湾,南磨房",9,__label__974
"广安门,大观园,白广路",9,__label__975
"永定门,沙子口,蒲黄榆",9,__label__976
"雍和宫,安定门,和平里",9,__label__977
"崇文门,磁器口,新世界",9,__label__978
"宣武门,和平门,虎坊桥",9,__label__979
"三里屯,朝阳公园,团结湖",9,__label__980
"刘家窑,大红门,宋家庄",9,__label__981
"雍和宫,安定门,北新桥",9,__label__982
"菜市口,陶然亭,牛街",9,__label__983
"赵公口,沙子口,永定门",9,__label__984
"复兴门,西单,金融街",9,__label__985
"左家庄,东直门,柳芳",9,__label__986
"魏公村,万寿寺,中关村",9,__label__987
"陶然亭,右安门,开阳里",9,__label__988
"木樨地,天宁寺,复兴门",9,__label__989
"工体,三里屯,朝阳门",8,__label__990
"西直门,动物园,车公庄",8,__label__991
"新街口,西直门,德胜门",8,__label__992
"宣武门,西单,和平门",8,__label__993
"小关,安慧桥,惠新里",8,__label__994
"朝阳公园,团结湖,三里屯",8,__label__995
"丽泽桥,马连道,六里桥",8,__label__996
"德胜门,什刹海,新街口",8,__label__997
"马甸,德胜门,北太平庄",8,__label__998
"和平门,宣武门,虎坊桥",8,__label__999
"马甸,北太平庄,健翔桥",8,__label__1000
"CBD,国贸,大望路",8,__label__1001
"将台路,大山子,酒仙桥",8,__label__1002
"CBD,双井,广渠门",8,__label__1003
"京广桥,朝外,呼家楼",8,__label__1004
"天坛,永定门,体育馆路",8,__label__1005
"南礼士路,月坛,金融街",8,__label__1006
"广外大街,马连道,西客站",8,__label__1007
"龙潭湖,天坛,光明楼",8,__label__1008
"东铁匠营,成寿寺,方庄",8,__label__1009
"阜成门,金融街,西四",8,__label__1010
"磁器口,天坛,崇文门",8,__label__1011
"大山子,酒仙桥,将台路",8,__label__1012
"复兴门,木樨地,三里河",8,__label__1013
"二里庄,健翔桥,学院路",8,__label__1014
"复兴门,西便门,金融街",8,__label__1015
"西直门,动物园,北下关",8,__label__1016
"红庙,大望路,八里庄",8,__label__1017
"西单,复兴门,宣武门",8,__label__1018
"东单,王府井,新世界",8,__label__1019
"东四,灯市口,美术馆",8,__label__1020
"安贞,和平里,安定门",8,__label__1021
"木樨地,三里河,复兴门",8,__label__1022
"车公庄,展览路,百万庄",8,__label__1023
"天安门,前门,东单",8,__label__1024
"朝阳门,工体,朝外",8,__label__1025
"魏公村,万寿寺,紫竹桥",8,__label__1026
"大钟寺,蓟门桥,知春路",8,__label__1027
"京广桥,CBD,呼家楼",8,__label__1028
"魏公村,万寿寺,苏州桥",8,__label__1029
"小关,对外经贸,惠新里",8,__label__1030
"三元桥,太阳宫,花家地",8,__label__1031
"新发地,花乡",8,__label__1032
"双榆树,中关村,大钟寺",8,__label__1033
"西客站,太平桥,六里桥",8,__label__1034
"知春路,学院路,北航",8,__label__1035
"白石桥,魏公村,动物园",8,__label__1036
"定慧寺,八里庄,五棵松",8,__label__1037
"灯市口,王府井,东单",8,__label__1038
"木樨地,复兴门,天宁寺",8,__label__1039
"美术馆,景山,沙滩",8,__label__1040
"车公庄,甘家口,白石桥",8,__label__1041
"岳各庄,丽泽桥,北大地",8,__label__1042
"京广桥,呼家楼,团结湖",8,__label__1043
"大钟寺,双榆树,中关村",8,__label__1044
"虎坊桥,菜市口,和平门",8,__label__1045
"三元桥,左家庄,国展",8,__label__1046
"西罗园,木樨园,马家堡",8,__label__1047
"新世界,崇文门,花市",8,__label__1048
"紫竹桥,白石桥,花园桥",8,__label__1049
"左家庄,西坝河,国展",8,__label__1050
"小营,亚运村,安慧桥",8,__label__1051
"阜成门,官园,西四",8,__label__1052
"什刹海,地安门,后海",8,__label__1053
"CBD,国贸,双井",8,__label__1054
"体育馆路,天坛,龙潭湖",8,__label__1055
"西客站,马连道,广外大街",8,__label__1056
"知春路,双榆树,中关村",8,__label__1057
"三里河,军博,月坛",8,__label__1058
"太阳宫,和平街,对外经贸",8,__label__1059
"双井,CBD,广渠门",8,__label__1060
"安贞,和平街,小关",8,__label__1061
"蒲黄榆,天坛,方庄",8,__label__1062
"大望路,南磨房,百子湾",8,__label__1063
"苏州桥,万泉河,魏公村",8,__label__1064
"魏公村,中关村,皂君庙",8,__label__1065
"宣武门,菜市口,和平门",8,__label__1066
"永定门,天桥,天坛",7,__label__1067
"宣武门,菜市口,广内大街",7,__label__1068
"广内大街,牛街,长椿街",7,__label__1069
"三里河,木樨地,月坛",7,__label__1070
"花市,北京站,新世界",7,__label__1071
"安贞,安华,和平里",7,__label__1072
"CBD,建外大街,国贸",7,__label__1073
"北太平庄,蓟门桥,德胜门",7,__label__1074
"大观园,菜户营,玉泉营",7,__label__1075
"木樨地,天宁寺,西客站",7,__label__1076
"皂君庙,北下关,魏公村",7,__label__1077
"广外大街,红莲,广安门",7,__label__1078
"永定门,沙子口,西罗园",7,__label__1079
"东铁匠营,方庄,成寿寺",7,__label__1080
"对外经贸,惠新里,小关",7,__label__1081
"大钟寺,北下关,皂君庙",7,__label__1082
"复兴门,南礼士路,西便门",7,__label__1083
"东铁匠营,方庄,刘家窑",7,__label__1084
"车公庄,官园,西直门",7,__label__1085
"东单,北京站,王府井",7,__label__1086
"京广桥,呼家楼,CBD",7,__label__1087
"安贞,安定门,安华",7,__label__1088
"颐和园,苏州街,万泉河",7,__label__1089
"前门,和平门,天安门",7,__label__1090
"展览路,车公庄,百万庄",7,__label__1091
"菜户营,广安门,广外大街",7,__label__1092
"双井,CBD,国贸",7,__label__1093
"水碓子,团结湖,朝阳公园",7,__label__1094
"鼓楼,德胜门,什刹海",7,__label__1095
"蓟门桥,北太平庄,牡丹园",7,__label__1096
"白石桥,动物园,车公庄",7,__label__1097
"魏公村,中关村,苏州桥",7,__label__1098
"CBD,京广桥,国贸",7,__label__1099
"苏州桥,万柳,远大路",7,__label__1100
"花市,崇文门,磁器口",7,__label__1101
"长椿街,广内大街,牛街",7,__label__1102
"马甸,安贞,健翔桥",7,__label__1103
"广渠门,花市,建国门",7,__label__1104
"人民大学,中关村,当代",7,__label__1105
"魏公村,中关村,万寿寺",7,__label__1106
"广外大街,红莲,马连道",7,__label__1107
"西便门,复兴门,长椿街",7,__label__1108
"朝阳公园,麦子店,团结湖",7,__label__1109
"安慧桥,对外经贸,亚运村",7,__label__1110
"东直门,东四,北新桥",7,__label__1111
"珠市口,前门,天桥",7,__label__1112
"亮马桥,朝阳公园,麦子店",7,__label__1113
"航天桥,车公庄,花园桥",7,__label__1114
"官园,车公庄,阜成门",7,__label__1115
"赵公口,大红门,木樨园",7,__label__1116
"西单,宣武门,和平门",7,__label__1117
"安贞,小关,对外经贸",7,__label__1118
"菜市口,虎坊桥,宣武门",7,__label__1119
"宋家庄,成寿寺,小红门",7,__label__1120
"苏州桥,紫竹桥,万柳",7,__label__1121
"中关村,人民大学,当代",7,__label__1122
"和平里,安贞,和平街",7,__label__1123
"左家庄,东直门,三里屯",7,__label__1124
"鼓楼,安定门,什刹海",7,__label__1125
"广渠门,CBD,建外大街",7,__label__1126
"天宁寺,西便门,木樨地",7,__label__1127
"南菜园,大观园,白纸坊",7,__label__1128
"阜成门,南礼士路,金融街",7,__label__1129
"蓟门桥,北太平庄,马甸",7,__label__1130
"太阳宫,和平街,西坝河",7,__label__1131
"双井,国贸,CBD",7,__label__1132
"东四,美术馆,交道口",7,__label__1133
"新世界,崇文门,天安门",7,__label__1134
"磁器口,天坛,法华寺",7,__label__1135
"四季青,世纪城,紫竹桥",7,__label__1136
"马家堡,洋桥,嘉园",7,__label__1137
"永定门,陶然亭,天坛",7,__label__1138
"健翔桥,小关,亚运村",7,__label__1139
"太阳宫,芍药居,西坝河",7,__label__1140
"嘉园,马家堡,洋桥",7,__label__1141
"北京站,东单,建国门",7,__label__1142
"北太平庄,学院路,北航",7,__label__1143
"天桥,虎坊桥,永定门",7,__label__1144
"清华大学,北京大学,中关村",7,__label__1145
"广渠门,劲松,双井",7,__label__1146
"惠新里,安慧桥,对外经贸",7,__label__1147
"赵公口,刘家窑,大红门",7,__label__1148
"积水潭,德胜门,新街口",7,__label__1149
"中关村,北京大学,清华大学",7,__label__1150
"天坛,磁器口,崇文门",6,__label__1151
"广外大街,西客站,马连道",6,__label__1152
"五道口,北航,学院路",6,__label__1153
"大观园,南菜园,白纸坊",6,__label__1154
"四季青,世纪城,远大路",6,__label__1155
"蓟门桥,知春路,学院路",6,__label__1156
"白石桥,紫竹桥,万寿寺",6,__label__1157
"和平门,宣武门,长椿街",6,__label__1158
"世纪城,远大路,四季青",6,__label__1159
"亮马桥,三元桥,朝阳公园",6,__label__1160
"官园,动物园,车公庄",6,__label__1161
"牡丹园,北太平庄,学院路",6,__label__1162
"双井,南磨房,大望路",6,__label__1163
"紫竹桥,苏州桥,车道沟",6,__label__1164
"大钟寺,皂君庙,北下关",6,__label__1165
"万寿寺,苏州桥,紫竹桥",6,__label__1166
"三里屯,团结湖,朝阳公园",6,__label__1167
"双井,CBD,大望路",6,__label__1168
"德胜门,马甸,北太平庄",6,__label__1169
"东直门,三里屯,和平里",6,__label__1170
"西坝河,国展,太阳宫",6,__label__1171
"木樨地,军博,西客站",6,__label__1172
"和平街,左家庄,西坝河",6,__label__1173
"北太平庄,北下关,小西天",6,__label__1174
"月坛,三里河,复兴门",6,__label__1175
"花市,新世界,北京站",6,__label__1176
"西直门,官园,动物园",6,__label__1177
"紫竹桥,花园桥,北洼路",6,__label__1178
"宋家庄,大红门,刘家窑",6,__label__1179
"北太平庄,新街口,小西天",6,__label__1180
"万泉河,颐和园,西苑",6,__label__1181
"官园,西四,阜成门",6,__label__1182
"西单,宣武门,复兴门",6,__label__1183
"苏州桥,万泉河,万寿寺",6,__label__1184
"灯市口,东单,王府井",6,__label__1185
"颐和园,苏州桥,万柳",6,__label__1186
"三里屯,朝阳公园,工体",6,__label__1187
"广外大街,广安门,红莲",6,__label__1188
"马甸,安贞,小关",6,__label__1189
"朝阳门,朝外,北京站",6,__label__1190
"小西天,北太平庄,西直门",6,__label__1191
"望京,花家地,太阳宫",6,__label__1192
"北新桥,东直门,海运仓",6,__label__1193
"广安门,天宁寺,广内大街",6,__label__1194
"开阳里,陶然亭,右安门",6,__label__1195
"西客站,马连道,六里桥",6,__label__1196
"木樨地,三里河,月坛",6,__label__1197
"美术馆,东四,灯市口",6,__label__1198
"西四,阜成门,新街口",6,__label__1199
"红庙,大望路,京广桥",6,__label__1200
"北新桥,雍和宫,东直门",6,__label__1201
"红庙,团结湖,朝阳公园",6,__label__1202
"鼓楼,什刹海,德胜门",6,__label__1203
"月坛,复兴门,三里河",6,__label__1204
"红庙,甜水园,朝阳公园",6,__label__1205
"和平里,和平街,左家庄",6,__label__1206
"大钟寺,双榆树,皂君庙",6,__label__1207
"东直门,柳芳,左家庄",6,__label__1208
"北大地,看丹桥,丽泽桥",6,__label__1209
"六里桥,丽泽桥,西客站",6,__label__1210
"苏州桥,万泉河,人民大学",6,__label__1211
"月坛,三里河,百万庄",6,__label__1212
"广安门,天宁寺,西便门",6,__label__1213
"安定门,雍和宫,北新桥",6,__label__1214
"朝阳公园,三里屯,团结湖",6,__label__1215
"木樨园,洋桥,西罗园",6,__label__1216
"阜成门,金融街,官园",6,__label__1217
"健翔桥,马甸,小关",6,__label__1218
"赵公口,沙子口,刘家窑",6,__label__1219
"花市,广渠门,建国门",6,__label__1220
"朝外,东大桥,京广桥",6,__label__1221
"天桥,永定门,虎坊桥",6,__label__1222
"国贸,CBD,建外大街",6,__label__1223
"嘉园,草桥,开阳里",6,__label__1224
"北太平庄,德胜门,新街口",6,__label__1225
"中关村,苏州街,人民大学",6,__label__1226
"官园,阜成门,展览路",6,__label__1227
"和平街,太阳宫,左家庄",6,__label__1228
"新街口,小西天,北太平庄",6,__label__1229
"宋家庄,小红门,刘家窑",6,__label__1230
"小关,安贞,惠新里",6,__label__1231
"远大路,世纪城,万柳",6,__label__1232
"花市,磁器口,崇文门",6,__label__1233
"军博,三里河,木樨地",6,__label__1234
"安贞,和平街,对外经贸",6,__label__1235
"天宁寺,木樨地,复兴门",6,__label__1236
"三里河,月坛,百万庄",6,__label__1237
"军博,公主坟,木樨地",6,__label__1238
"劲松,广渠门,潘家园",6,__label__1239
"天桥,永定门,天坛",6,__label__1240
"东大桥,CBD,朝外",6,__label__1241
"复兴门,金融街,南礼士路",6,__label__1242
"中关村,苏州桥,苏州街",6,__label__1243
"朝阳门,北京站,朝外",6,__label__1244
"劲松,潘家园,双井",6,__label__1245
"阜成门,西四,金融街",6,__label__1246
"花市,北京站,建国门",6,__label__1247
"双榆树,大钟寺,知春路",6,__label__1248
"花市,广渠门,新世界",6,__label__1249
"北下关,魏公村,白石桥",5,__label__1250
"红莲,马连道,广外大街",5,__label__1251
"航天桥,花园桥,车公庄",5,__label__1252
"西罗园,永定门,洋桥",5,__label__1253
"菜户营,广外大街,广安门",5,__label__1254
"草桥,开阳里,右安门",5,__label__1255
"中关村,当代,人民大学",5,__label__1256
"新街口,西四,官园",5,__label__1257
"西四,官园,新街口",5,__label__1258
"小关,安贞,对外经贸",5,__label__1259
"苏州桥,万泉河,中关村",5,__label__1260
"华贸,红庙,大望路",5,__label__1261
"西罗园,洋桥,木樨园",5,__label__1262
"木樨园,赵公口,永定门",5,__label__1263
"团结湖,呼家楼,朝阳公园",5,__label__1264
"广内大街,广安门,广外大街",5,__label__1265
"红莲,广安门,广外大街",5,__label__1266
"小关,安贞,安华",5,__label__1267
"东四,东直门,海运仓",5,__label__1268
"交道口,北新桥,地安门",5,__label__1269
"北大地,岳各庄,丰台体育馆",5,__label__1270
"前门,天安门,和平门",5,__label__1271
"北下关,西直门,动物园",5,__label__1272
"金融街,阜成门,南礼士路",5,__label__1273
"美术馆,景山,东四",5,__label__1274
"甘家口,车公庄,三里河",5,__label__1275
"复兴门,金融街,宣武门",5,__label__1276
"北京大学,清华大学,中关村",5,__label__1277
"建外大街,建国门,北京站",5,__label__1278
"龙潭湖,体育馆路,天坛",5,__label__1279
"月坛,南礼士路,三里河",5,__label__1280
"广外大街,广安门,马连道",5,__label__1281
"和平街,太阳宫,对外经贸",5,__label__1282
"车公庄,航天桥,花园桥",5,__label__1283
"大钟寺,皂君庙,中关村",5,__label__1284
"和平里,柳芳,东直门",5,__label__1285
"东大桥,朝外,京广桥",5,__label__1286
"木樨地,天宁寺,三里河",5,__label__1287
"虎坊桥,菜市口,陶然亭",5,__label__1288
"北京站,新世界,花市",5,__label__1289
"西客站,木樨地,军博",5,__label__1290
"崇文门,磁器口,花市",5,__label__1291
"安贞,安华,和平街",5,__label__1292
"团结湖,水碓子,朝阳公园",5,__label__1293
"成寿寺,宋家庄,东铁匠营",5,__label__1294
"红庙,大望路,团结湖",5,__label__1295
"颐和园,万泉河,西苑",5,__label__1296
"菜市口,陶然亭,右安门",5,__label__1297
"紫竹桥,北洼路,车道沟",5,__label__1298
"世纪城,远大路,万柳",5,__label__1299
"木樨园,洋桥,角门",5,__label__1300
"西客站,天宁寺,木樨地",5,__label__1301
"大观园,南菜园,菜户营",5,__label__1302
"阜成门,西四,官园",5,__label__1303
"复兴门,三里河,月坛",5,__label__1304
"清华大学,五道口,北京大学",5,__label__1305
"木樨园,赵公口,沙子口",5,__label__1306
"广渠门,体育馆路,天坛",5,__label__1307
"团结湖,朝阳公园,呼家楼",5,__label__1308
"六铺炕,鼓楼,安定门",5,__label__1309
"三里屯,团结湖,工体",5,__label__1310
"木樨园,赵公口,刘家窑",5,__label__1311
"大观园,广安门,白纸坊",5,__label__1312
"永定门,木樨园,沙子口",5,__label__1313
"安华,安贞,安定门",5,__label__1314
"北下关,北太平庄,大钟寺",5,__label__1315
"公主坟,西客站,万寿路",5,__label__1316
"和平街,太阳宫,和平里",5,__label__1317
"蒲黄榆,天坛,永定门",5,__label__1318
"双榆树,知春路,中关村",5,__label__1319
"车公庄,展览路,动物园",5,__label__1320
"白石桥,紫竹桥,魏公村",5,__label__1321
"广外大街,马连道,红莲",5,__label__1322
"复兴门,宣武门,长椿街",5,__label__1323
"北洼路,紫竹桥,车道沟",5,__label__1324
"苏州街,苏州桥,万泉河",5,__label__1325
"双安,当代,人民大学",5,__label__1326
"对外经贸,惠新里,安慧桥",5,__label__1327
"中关村,双榆树,大钟寺",5,__label__1328
"菜市口,宣武门,虎坊桥",5,__label__1329
"磁器口,广渠门,天坛",5,__label__1330
"大钟寺,双榆树,知春路",5,__label__1331
"永定门,西罗园,陶然亭",5,__label__1332
"广外大街,天宁寺,广安门",5,__label__1333
"苏州桥,万寿寺,万泉河",5,__label__1334
"草桥,嘉园,开阳里",5,__label__1335
"北京站,花市,建国门",5,__label__1336
"CBD,双井,建外大街",5,__label__1337
"红莲,丽泽桥,马连道",5,__label__1338
"天坛,磁器口,珠市口",5,__label__1339
"天坛,磁器口,新世界",5,__label__1340
"西罗园,洋桥,永定门",5,__label__1341
"东四,北新桥,交道口",5,__label__1342
"天坛,永定门,沙子口",5,__label__1343
"和平门,天安门,宣武门",5,__label__1344
"海运仓,东四,东直门",5,__label__1345
"三里河,百万庄,阜成门",5,__label__1346
"德胜门,什刹海,积水潭",5,__label__1347
"东单,灯市口,王府井",5,__label__1348
"奥运村,大屯,亚运村",5,__label__1349
"马甸,健翔桥,安贞",5,__label__1350
"朝阳门,东直门,海运仓",5,__label__1351
"花市,新世界,广渠门",5,__label__1352
"甘家口,车公庄,航天桥",5,__label__1353
"磁器口,天坛,珠市口",5,__label__1354
"左家庄,西坝河,和平街",5,__label__1355
"东铁匠营,刘家窑,蒲黄榆",5,__label__1356
"和平街,和平里,太阳宫",5,__label__1357
"安贞,马甸,小关",4,__label__1358
"广外大街,西客站,广安门",4,__label__1359
"大望路,京广桥,呼家楼",4,__label__1360
"京广桥,大望路,呼家楼",4,__label__1361
"安慧桥,小关,亚运村",4,__label__1362
"美术馆,交道口,东四",4,__label__1363
"金融街,月坛,南礼士路",4,__label__1364
"双井,大望路,南磨房",4,__label__1365
"安贞,安定门,和平里",4,__label__1366
"苏州街,苏州桥,中关村",4,__label__1367
"复兴门,长椿街,宣武门",4,__label__1368
"天桥,珠市口,天坛",4,__label__1369
"木樨地,军博,天宁寺",4,__label__1370
"体育馆路,磁器口,法华寺",4,__label__1371
"健翔桥,小关,安慧桥",4,__label__1372
"知春路,北航,双榆树",4,__label__1373
"玉泉营,菜户营,大观园",4,__label__1374
"展览路,官园,车公庄",4,__label__1375
"朝外,东大桥,工体",4,__label__1376
"北下关,白石桥,魏公村",4,__label__1377
"团结湖,呼家楼,水碓子",4,__label__1378
"官园,车公庄,西直门",4,__label__1379
"朝外,东大桥,CBD",4,__label__1380
"东四,东直门,北新桥",4,__label__1381
"车公庄,白石桥,航天桥",4,__label__1382
"月坛,三里河,木樨地",4,__label__1383
"对外经贸,安慧桥,惠新里",4,__label__1384
"三里河,月坛,南礼士路",4,__label__1385
"公主坟,万寿路,西客站",4,__label__1386
"右安门,菜市口,白纸坊",4,__label__1387
"公主坟,军博,西客站",4,__label__1388
"亮马桥,燕莎,酒仙桥",4,__label__1389
"朝外,东大桥,建外大街",4,__label__1390
"东铁匠营,刘家窑,宋家庄",4,__label__1391
"和平门,虎坊桥,宣武门",4,__label__1392
"广渠门,CBD,花市",4,__label__1393
"大钟寺,中关村,双榆树",4,__label__1394
"CBD,广渠门,建外大街",4,__label__1395
"菜户营,广安门,大观园",4,__label__1396
"北下关,北太平庄,小西天",4,__label__1397
"蒲黄榆,方庄,沙子口",4,__label__1398
"地安门,景山,沙滩",4,__label__1399
"安贞,小关,安慧桥",4,__label__1400
"开阳里,右安门,草桥",4,__label__1401
"交道口,安定门,地安门",4,__label__1402
"北下关,交通大学,北太平庄",4,__label__1403
"蓟门桥,知春路,大钟寺",4,__label__1404
"东大桥,朝外,朝阳门",4,__label__1405
"牛街,长椿街,广内大街",4,__label__1406
"双安,中关村,双榆树",4,__label__1407
"交道口,美术馆,东四",4,__label__1408
"雍和宫,和平里,北新桥",4,__label__1409
"双榆树,知春路,大钟寺",4,__label__1410
"月坛,阜成门,三里河",4,__label__1411
"后海,什刹海,地安门",4,__label__1412
"磁器口,天坛,新世界",4,__label__1413
"安定门,六铺炕,鼓楼",4,__label__1414
"建国门,北京站,新世界",4,__label__1415
"前门,新世界,天安门",4,__label__1416
"知春路,大钟寺,双榆树",4,__label__1417
"虎坊桥,珠市口,天桥",4,__label__1418
"陶然亭,菜市口,天桥",4,__label__1419
"亮马桥,朝阳公园,燕莎",4,__label__1420
"东直门,朝阳门,海运仓",4,__label__1421
"双榆树,中关村,双安",4,__label__1422
"潘家园,南磨房,十八里店",4,__label__1423
"木樨地,西客站,军博",4,__label__1424
"广渠门,磁器口,体育馆路",4,__label__1425
"三里河,甘家口,车公庄",4,__label__1426
"清华大学,北京大学,五道口",4,__label__1427
"大观园,南菜园,右安门",4,__label__1428
"虎坊桥,和平门,珠市口",4,__label__1429
"CBD,建外大街,双井",4,__label__1430
"北新桥,交道口,东直门",4,__label__1431
"三元桥,左家庄,亮马桥",4,__label__1432
"鼓楼,德胜门,六铺炕",4,__label__1433
"劲松,双井,潘家园",4,__label__1434
"航天桥,车公庄,甘家口",4,__label__1435
"六里桥,太平桥,丽泽桥",4,__label__1436
"宣武门,复兴门,长椿街",4,__label__1437
"北下关,交通大学,动物园",4,__label__1438
"岳各庄,北大地,丰台体育馆",4,__label__1439
"虎坊桥,和平门,菜市口",4,__label__1440
"鼓楼,地安门,什刹海",4,__label__1441
"陶然亭,虎坊桥,天桥",4,__label__1442
"左家庄,三元桥,国展",4,__label__1443
"安贞,和平街,安华",4,__label__1444
"大红门,马家堡,角门",4,__label__1445
"交通大学,北下关,白石桥",4,__label__1446
"北太平庄,北下关,大钟寺",4,__label__1447
"马连道,广外大街,丽泽桥",4,__label__1448
"广内大街,白广路,广安门",4,__label__1449
"北京大学,颐和园,苏州街",4,__label__1450
"三里河,军博,木樨地",4,__label__1451
"德胜门,积水潭,什刹海",4,__label__1452
"陶然亭,虎坊桥,菜市口",4,__label__1453
"东直门,柳芳,和平里",4,__label__1454
"菜市口,宣武门,广内大街",4,__label__1455
"京广桥,红庙,大望路",4,__label__1456
"远大路,万柳,苏州桥",4,__label__1457
"知春路,学院路,蓟门桥",4,__label__1458
"东四,北新桥,美术馆",4,__label__1459
"望京,来广营,花家地",4,__label__1460
"花市,北京站,广渠门",4,__label__1461
"广安门,大观园,广内大街",4,__label__1462
"菜市口,宣武门,牛街",4,__label__1463
"三里河,军博,公主坟",4,__label__1464
"柳芳,左家庄,东直门",4,__label__1465
"车公庄,航天桥,甘家口",4,__label__1466
"白石桥,紫竹桥,花园桥",4,__label__1467
"知春路,蓟门桥,学院路",4,__label__1468
"大山子,酒仙桥,望京",4,__label__1469
"新世界,珠市口,磁器口",4,__label__1470
"白广路,广安门,大观园",4,__label__1471
"长椿街,西便门,复兴门",4,__label__1472
"雍和宫,和平里,安定门",4,__label__1473
"灯市口,东四,东单",4,__label__1474
"健翔桥,奥运村,大屯",4,__label__1475
"和平街,和平里,安贞",4,__label__1476
"什刹海,后海,鼓楼",4,__label__1477
"阜成门,月坛,三里河",4,__label__1478
"知春路,蓟门桥,大钟寺",4,__label__1479
"德胜门,什刹海,鼓楼",4,__label__1480
"成寿寺,宋家庄,小红门",4,__label__1481
"东铁匠营,成寿寺,小红门",4,__label__1482
"万寿寺,苏州桥,魏公村",4,__label__1483
"北下关,大钟寺,北太平庄",4,__label__1484
"洋桥,开阳里,马家堡",4,__label__1485
"劲松,双井,南磨房",4,__label__1486
"天桥,天坛,磁器口",4,__label__1487
"广安门,广内大街,白广路",4,__label__1488
"北新桥,交道口,东四",4,__label__1489
"动物园,白石桥,西直门",4,__label__1490
"朝外,工体,东大桥",4,__label__1491
"和平街,对外经贸,安贞",4,__label__1492
"马家堡,洋桥,开阳里",4,__label__1493
"南磨房,劲松,大望路",3,__label__1494
"亮马桥,三元桥,三里屯",3,__label__1495
"白石桥,万寿寺,魏公村",3,__label__1496
"苏州街,中关村,北京大学",3,__label__1497
"嘉园,开阳里,草桥",3,__label__1498
"永定门,木樨园,西罗园",3,__label__1499
"交道口,美术馆,地安门",3,__label__1500
"天安门,新世界,崇文门",3,__label__1501
"右安门,陶然亭,开阳里",3,__label__1502
"洋桥,角门,马家堡",3,__label__1503
"建国门,北京站,花市",3,__label__1504
"太平桥,六里桥,西客站",3,__label__1505
"珠市口,天桥,虎坊桥",3,__label__1506
"中关村,魏公村,苏州桥",3,__label__1507
"草桥,大观园,玉泉营",3,__label__1508
"亮马桥,三里屯,三元桥",3,__label__1509
"奥运村,健翔桥,北沙滩",3,__label__1510
"月坛,复兴门,南礼士路",3,__label__1511
"车公庄,白石桥,展览路",3,__label__1512
"牡丹园,北太平庄,蓟门桥",3,__label__1513
"天桥,永定门,陶然亭",3,__label__1514
"马连道,六里桥,丽泽桥",3,__label__1515
"广内大街,广安门,天宁寺",3,__label__1516
"什刹海,鼓楼,后海",3,__label__1517
"西单,金融街,和平门",3,__label__1518
"金融街,西四,阜成门",3,__label__1519
"大山子,将台路,酒仙桥",3,__label__1520
"广渠门,磁器口,天坛",3,__label__1521
"雍和宫,北新桥,交道口",3,__label__1522
"大观园,草桥,玉泉营",3,__label__1523
"学院路,北太平庄,蓟门桥",3,__label__1524
"东四,灯市口,东单",3,__label__1525
"什刹海,鼓楼,德胜门",3,__label__1526
"朝阳门,东四,东单",3,__label__1527
"亮马桥,朝阳公园,三元桥",3,__label__1528
"角门,洋桥,马家堡",3,__label__1529
"阜成门,展览路,官园",3,__label__1530
"什刹海,西四,新街口",3,__label__1531
"蒲黄榆,刘家窑,赵公口",3,__label__1532
"磁器口,花市,广渠门",3,__label__1533
"双井,大望路,CBD",3,__label__1534
"天桥,珠市口,虎坊桥",3,__label__1535
"大望路,四惠,华贸",3,__label__1536
"团结湖,三里屯,朝阳公园",3,__label__1537
"广外大街,西客站,天宁寺",3,__label__1538
"对外经贸,小关,安贞",3,__label__1539
"地安门,鼓楼,安定门",3,__label__1540
"嘉园,马家堡,开阳里",3,__label__1541
"北新桥,东直门,交道口",3,__label__1542
"大望路,CBD,京广桥",3,__label__1543
"远大路,四季青,世纪城",3,__label__1544
"紫竹桥,四季青,八里庄",3,__label__1545
"开阳里,马家堡,洋桥",3,__label__1546
"中关村,魏公村,双安",3,__label__1547
"岳各庄,北大地,丽泽桥",3,__label__1548
"前门,新世界,珠市口",3,__label__1549
"东四,灯市口,朝阳门",3,__label__1550
"和平里,和平街,安定门",3,__label__1551
"车公庄,花园桥,航天桥",3,__label__1552
"地安门,什刹海,美术馆",3,__label__1553
"展览路,百万庄,三里河",3,__label__1554
"北太平庄,大钟寺,北下关",3,__label__1555
"金融街,南礼士路,月坛",3,__label__1556
"珠市口,前门,新世界",3,__label__1557
"朝外,京广桥,呼家楼",3,__label__1558
"红莲,马连道,丽泽桥",3,__label__1559
"安贞,六铺炕,安定门",3,__label__1560
"朝外,东大桥,朝阳门",3,__label__1561
"北下关,小西天,北太平庄",3,__label__1562
"磁器口,珠市口,新世界",3,__label__1563
"体育馆路,龙潭湖,天坛",3,__label__1564
"团结湖,水碓子,呼家楼",3,__label__1565
"工体,朝阳门,三里屯",3,__label__1566
"太阳宫,西坝河,对外经贸",3,__label__1567
"安贞,安定门,鼓楼",3,__label__1568
"奥运村,大屯,健翔桥",3,__label__1569
"安贞,六铺炕,德胜门",3,__label__1570
"紫竹桥,苏州桥,万柳",3,__label__1571
"赵公口,沙子口,蒲黄榆",3,__label__1572
"赵公口,木樨园,沙子口",3,__label__1573
"六铺炕,安定门,鼓楼",3,__label__1574
"万柳,世纪城,苏州桥",3,__label__1575
"蒲黄榆,沙子口,赵公口",3,__label__1576
"长椿街,宣武门,广内大街",3,__label__1577
"紫竹桥,四季青,远大路",3,__label__1578
"国贸,CBD,东大桥",3,__label__1579
"灯市口,东四,王府井",3,__label__1580
"北大地,丽泽桥,岳各庄",3,__label__1581
"苏州桥,人民大学,中关村",3,__label__1582
"大望路,双井,百子湾",3,__label__1583
"菜户营,大观园,广安门",3,__label__1584
"亚运村,安慧桥,奥运村",3,__label__1585
"京广桥,东大桥,朝外",3,__label__1586
"左家庄,柳芳,西坝河",3,__label__1587
"东直门,朝阳门,工体",3,__label__1588
"宣武门,长椿街,西单",3,__label__1589
"建外大街,朝阳门,朝外",3,__label__1590
"鼓楼,什刹海,后海",3,__label__1591
"西客站,木樨地,天宁寺",3,__label__1592
"亚运村,大屯,奥运村",3,__label__1593
"西便门,长椿街,复兴门",3,__label__1594
"珠市口,大栅栏,虎坊桥",3,__label__1595
"磁器口,崇文门,新世界",3,__label__1596
"官园,阜成门,西直门",3,__label__1597
"沙子口,永定门,蒲黄榆",3,__label__1598
"对外经贸,和平街,小关",3,__label__1599
"安慧桥,对外经贸,小关",3,__label__1600
"北太平庄,新街口,德胜门",3,__label__1601
"磁器口,崇文门,广渠门",3,__label__1602
"军博,三里河,公主坟",3,__label__1603
"复兴门,木樨地,西便门",3,__label__1604
"安贞,和平里,安华",3,__label__1605
"魏公村,万寿寺,白石桥",3,__label__1606
"王府井,东单,北京站",3,__label__1607
"月坛,阜成门,南礼士路",3,__label__1608
"木樨地,西客站,天宁寺",3,__label__1609
"万寿寺,紫竹桥,苏州桥",3,__label__1610
"太阳宫,对外经贸,西坝河",3,__label__1611
"国展,左家庄,三元桥",3,__label__1612
"菜市口,白纸坊,陶然亭",3,__label__1613
"永定门,西罗园,沙子口",3,__label__1614
"六里桥,西客站,丽泽桥",3,__label__1615
"珠市口,大栅栏,前门",3,__label__1616
"六里桥,太平桥,西客站",3,__label__1617
"开阳里,陶然亭,洋桥",3,__label__1618
"学院路,北太平庄,牡丹园",3,__label__1619
"苏州街,万泉河,苏州桥",3,__label__1620
"花市,磁器口,广渠门",3,__label__1621
"西坝河,左家庄,国展",3,__label__1622
"宣武门,广内大街,长椿街",3,__label__1623
"天坛,方庄,蒲黄榆",3,__label__1624
"和平里,和平街,雍和宫",3,__label__1625
"动物园,西直门,展览路",3,__label__1626
"二里庄,学院路,北沙滩",3,__label__1627
"新世界,花市,北京站",3,__label__1628
"苏州街,万泉河,颐和园",3,__label__1629
"菜市口,广内大街,牛街",3,__label__1630
"交道口,安定门,北新桥",3,__label__1631
"对外经贸,太阳宫,和平街",3,__label__1632
"月坛,百万庄,阜成门",3,__label__1633
"五棵松,万寿路,公主坟",3,__label__1634
"北下关,小西天,西直门",3,__label__1635
"中关村,魏公村,人民大学",3,__label__1636
"太阳宫,和平街,左家庄",3,__label__1637
"广外大街,广安门,西客站",3,__label__1638
"朝外,京广桥,东大桥",3,__label__1639
"朝阳门,建外大街,建国门",3,__label__1640
"广外大街,广安门,菜户营",3,__label__1641
"广内大街,长椿街,牛街",3,__label__1642
"天宁寺,西客站,木樨地",3,__label__1643
"西客站,广外大街,太平桥",3,__label__1644
"复兴门,宣武门,西单",3,__label__1645
"东直门,工体,三里屯",3,__label__1646
"复兴门,月坛,三里河",3,__label__1647
"左家庄,三里屯,东直门",3,__label__1648
"CBD,广渠门,双井",3,__label__1649
"团结湖,工体,三里屯",3,__label__1650
"白广路,广安门,广内大街",3,__label__1651
"天坛,磁器口,永定门",3,__label__1652
"地安门,交道口,美术馆",3,__label__1653
"磁器口,崇文门,天坛",3,__label__1654
"广渠门,双井,CBD",3,__label__1655
"西直门,动物园,白石桥",3,__label__1656
"和平门,前门,虎坊桥",3,__label__1657
"健翔桥,北太平庄,马甸",3,__label__1658
"西单,复兴门,和平门",3,__label__1659
"北京大学,苏州街,颐和园",3,__label__1660
"磁器口,新世界,珠市口",3,__label__1661
"对外经贸,小关,和平街",3,__label__1662
"东四,海运仓,朝阳门",3,__label__1663
"新街口,西四,西直门",3,__label__1664
"将台路,花家地,大山子",3,__label__1665
"北下关,魏公村,皂君庙",3,__label__1666
"三里屯,三元桥,亮马桥",3,__label__1667
"白石桥,北下关,动物园",3,__label__1668
"燕莎,亮马桥,酒仙桥",2,__label__1669
"丽泽桥,六里桥,马连道",2,__label__1670
"苏州桥,人民大学,万泉河",2,__label__1671
"展览路,官园,阜成门",2,__label__1672
"大观园,菜户营,草桥",2,__label__1673
"景山,沙滩,王府井",2,__label__1674
"蒲黄榆,刘家窑,方庄",2,__label__1675
"朝阳门,东直门,工体",2,__label__1676
"白石桥,动物园,魏公村",2,__label__1677
"双榆树,双安,大钟寺",2,__label__1678
"紫竹桥,苏州桥,万寿寺",2,__label__1679
"知春路,双榆树,北航",2,__label__1680
"天桥,虎坊桥,菜市口",2,__label__1681
"新世界,北京站,东单",2,__label__1682
"亚运村,安慧桥,大屯",2,__label__1683
"王府井,景山,东单",2,__label__1684
"广内大街,牛街,广安门",2,__label__1685
"交道口,东四,北新桥",2,__label__1686
"花乡,草桥,玉泉营",2,__label__1687
"朝外,工体,朝阳门",2,__label__1688
"磁器口,广渠门,崇文门",2,__label__1689
"阜成门,官园,车公庄",2,__label__1690
"交道口,安定门,雍和宫",2,__label__1691
"大望路,CBD,百子湾",2,__label__1692
"北下关,北太平庄,交通大学",2,__label__1693
"甘家口,三里河,车公庄",2,__label__1694
"草桥,嘉园,角门",2,__label__1695
"紫竹桥,白石桥,万寿寺",2,__label__1696
"团结湖,京广桥,呼家楼",2,__label__1697
"远大路,世纪城,苏州桥",2,__label__1698
"南菜园,大观园,右安门",2,__label__1699
"宣武门,西单,复兴门",2,__label__1700
"学院路,二里庄,北沙滩",2,__label__1701
"广渠门,劲松,潘家园",2,__label__1702
"紫竹桥,万寿寺,北洼路",2,__label__1703
"皂君庙,大钟寺,北下关",2,__label__1704
"美术馆,交道口,地安门",2,__label__1705
"赵公口,木樨园,永定门",2,__label__1706
"苏州桥,中关村,万泉河",2,__label__1707
"广渠门,CBD,双井",2,__label__1708
"长椿街,广内大街,西便门",2,__label__1709
"魏公村,皂君庙,中关村",2,__label__1710
"紫竹桥,万寿寺,苏州桥",2,__label__1711
"丽泽桥,红莲,马连道",2,__label__1712
"天桥,陶然亭,永定门",2,__label__1713
"南礼士路,阜成门,月坛",2,__label__1714
"沙子口,蒲黄榆,永定门",2,__label__1715
"牛街,白广路,广安门",2,__label__1716
"朝阳公园,三里屯,麦子店",2,__label__1717
"对外经贸,安慧桥,亚运村",2,__label__1718
"复兴门,木樨地,天宁寺",2,__label__1719
"北下关,交通大学,小西天",2,__label__1720
"中关村,魏公村,双榆树",2,__label__1721
"天宁寺,广外大街,西客站",2,__label__1722
"北京站,东单,新世界",2,__label__1723
"小关,安慧桥,健翔桥",2,__label__1724
"大观园,白纸坊,广安门",2,__label__1725
"中关村,皂君庙,大钟寺",2,__label__1726
"三里河,木樨地,复兴门",2,__label__1727
"菜市口,宣武门,和平门",2,__label__1728
"大望路,京广桥,CBD",2,__label__1729
"珠市口,前门,磁器口",2,__label__1730
"永定门,木樨园,洋桥",2,__label__1731
"东单,新世界,王府井",2,__label__1732
"德胜门,安贞,六铺炕",2,__label__1733
"灯市口,王府井,美术馆",2,__label__1734
"京广桥,红庙,团结湖",2,__label__1735
"交道口,北新桥,雍和宫",2,__label__1736
"开阳里,马家堡,右安门",2,__label__1737
"远大路,苏州桥,万柳",2,__label__1738
"西苑,颐和园,苏州街",2,__label__1739
"亚运村,安慧桥,小营",2,__label__1740
"广安门,菜户营,广外大街",2,__label__1741
"国展,太阳宫,三元桥",2,__label__1742
"官园,西四,西直门",2,__label__1743
"魏公村,北下关,白石桥",2,__label__1744
"北太平庄,马甸,健翔桥",2,__label__1745
"东四,交道口,美术馆",2,__label__1746
"灯市口,东四,美术馆",2,__label__1747
"月坛,南礼士路,阜成门",2,__label__1748
"大观园,白纸坊,右安门",2,__label__1749
"王府井,灯市口,东单",2,__label__1750
"赵公口,沙子口,木樨园",2,__label__1751
"西坝河,左家庄,太阳宫",2,__label__1752
"鼓楼,什刹海,六铺炕",2,__label__1753
"苏州桥,万寿寺,紫竹桥",2,__label__1754
"白广路,广安门,牛街",2,__label__1755
"玉泉营,大观园,菜户营",2,__label__1756
"开阳里,马家堡,嘉园",2,__label__1757
"新世界,前门,珠市口",2,__label__1758
"赵公口,刘家窑,蒲黄榆",2,__label__1759
"CBD,东大桥,建外大街",2,__label__1760
"定慧寺,五棵松,八里庄",2,__label__1761
"学院路,知春路,北航",2,__label__1762
"双榆树,当代,双安",2,__label__1763
"军博,公主坟,西客站",2,__label__1764
"花园桥,北洼路,航天桥",2,__label__1765
"阜成门,南礼士路,展览路",2,__label__1766
"青塔,岳各庄,丽泽桥",2,__label__1767
"白石桥,车公庄,航天桥",2,__label__1768
"龙潭湖,体育馆路,光明楼",2,__label__1769
"广渠门,光明楼,体育馆路",2,__label__1770
"和平里,雍和宫,和平街",2,__label__1771
"虎坊桥,和平门,天桥",2,__label__1772
"团结湖,呼家楼,工体",2,__label__1773
"将台路,大山子,花家地",2,__label__1774
"东直门,东四,海运仓",2,__label__1775
"白纸坊,右安门,菜市口",2,__label__1776
"小西天,北下关,北太平庄",2,__label__1777
"广外大街,天宁寺,西客站",2,__label__1778
"大望路,百子湾,CBD",2,__label__1779
"苏州街,颐和园,北京大学",2,__label__1780
"朝外,朝阳门,工体",2,__label__1781
"中关村,双安,魏公村",2,__label__1782
"朝阳门,工体,东直门",2,__label__1783
"亚运村,小营,大屯",2,__label__1784
"金融街,月坛,复兴门",2,__label__1785
"复兴门,南礼士路,金融街",2,__label__1786
"蒲黄榆,赵公口,刘家窑",2,__label__1787
"大钟寺,北下关,北太平庄",2,__label__1788
"美术馆,景山,地安门",2,__label__1789
"紫竹桥,远大路,四季青",2,__label__1790
"车公庄,三里河,甘家口",2,__label__1791
"马连道,丽泽桥,红莲",2,__label__1792
"体育馆路,广渠门,天坛",2,__label__1793
"嘉园,开阳里,马家堡",2,__label__1794
"新街口,西直门,西四",2,__label__1795
"花园桥,八里庄,航天桥",2,__label__1796
"小西天,北下关,西直门",2,__label__1797
"长椿街,广内大街,宣武门",2,__label__1798
"草桥,大观园,开阳里",2,__label__1799
"马连道,丽泽桥,广外大街",2,__label__1800
"草桥,花乡,玉泉营",2,__label__1801
"苏州桥,万柳,万寿寺",2,__label__1802
"磁器口,广渠门,花市",2,__label__1803
"魏公村,北下关,皂君庙",2,__label__1804
"鼓楼,地安门,安定门",2,__label__1805
"安慧桥,对外经贸,惠新里",2,__label__1806
"北新桥,东四,交道口",2,__label__1807
"木樨园,永定门,沙子口",2,__label__1808
"木樨园,永定门,洋桥",2,__label__1809
"官园,西四,新街口",2,__label__1810
"皂君庙,北下关,交通大学",2,__label__1811
"广安门,大观园,广外大街",2,__label__1812
"崇文门,新世界,磁器口",2,__label__1813
"沙子口,永定门,赵公口",2,__label__1814
"三里河,复兴门,月坛",2,__label__1815
"小关,对外经贸,安贞",2,__label__1816
"右安门,白纸坊,牛街",2,__label__1817
"国展,左家庄,太阳宫",2,__label__1818
"和平街,左家庄,和平里",2,__label__1819
"赵公口,木樨园,大红门",2,__label__1820
"复兴门,西单,宣武门",2,__label__1821
"木樨园,赵公口,大红门",2,__label__1822
"知春路,北航,蓟门桥",2,__label__1823
"世纪城,万柳,远大路",2,__label__1824
"建国门,北京站,朝阳门",2,__label__1825
"和平里,安定门,和平街",2,__label__1826
"光明楼,龙潭湖,体育馆路",2,__label__1827
"朝外,朝阳门,建外大街",2,__label__1828
"北京站,新世界,崇文门",2,__label__1829
"苏州桥,紫竹桥,万寿寺",2,__label__1830
"CBD,双井,大望路",2,__label__1831
"花园桥,紫竹桥,航天桥",2,__label__1832
"皂君庙,中关村,北下关",2,__label__1833
"三里河,百万庄,月坛",2,__label__1834
"中关村,清华大学,五道口",2,__label__1835
"开阳里,嘉园,右安门",2,__label__1836
"CBD,国贸,京广桥",2,__label__1837
"天宁寺,西便门,广内大街",2,__label__1838
"展览路,车公庄,动物园",2,__label__1839
"菜市口,右安门,陶然亭",2,__label__1840
"双井,广渠门,CBD",2,__label__1841
"劲松,双井,广渠门",2,__label__1842
"魏公村,苏州桥,万寿寺",2,__label__1843
"陶然亭,开阳里,洋桥",2,__label__1844
"蒲黄榆,沙子口,刘家窑",2,__label__1845
"知春路,大钟寺,蓟门桥",2,__label__1846
"安贞,德胜门,六铺炕",2,__label__1847
"京广桥,CBD,朝外",2,__label__1848
"万寿寺,苏州桥,万泉河",2,__label__1849
"大望路,红庙,八里庄",2,__label__1850
"金融街,复兴门,南礼士路",2,__label__1851
"广渠门,体育馆路,光明楼",2,__label__1852
"劲松,南磨房,双井",2,__label__1853
"魏公村,苏州桥,中关村",2,__label__1854
"颐和园,苏州街,北京大学",2,__label__1855
"马家堡,开阳里,洋桥",2,__label__1856
"四季青,紫竹桥,八里庄",2,__label__1857
"颐和园,万泉河,苏州桥",2,__label__1858
"广内大街,长椿街,广安门",2,__label__1859
"百万庄,展览路,车公庄",2,__label__1860
"交道口,东四,美术馆",2,__label__1861
"广安门,广内大街,牛街",2,__label__1862
"什刹海,新街口,德胜门",2,__label__1863
"六铺炕,德胜门,安贞",2,__label__1864
"小西天,西直门,新街口",2,__label__1865
"虎坊桥,和平门,前门",2,__label__1866
"广外大街,马连道,广安门",2,__label__1867
"嘉园,开阳里,右安门",2,__label__1868
"白石桥,动物园,北下关",2,__label__1869
"展览路,百万庄,甘家口",2,__label__1870
"长椿街,广内大街,广安门",2,__label__1871
"学院路,蓟门桥,北太平庄",2,__label__1872
"苏州街,北京大学,中关村",2,__label__1873
"雍和宫,北新桥,和平里",2,__label__1874
"劲松,广渠门,双井",2,__label__1875
"三里河,木樨地,军博",2,__label__1876
"苏州街,中关村,万泉河",2,__label__1877
"花园桥,航天桥,紫竹桥",2,__label__1878
"复兴门,三里河,木樨地",2,__label__1879
"万柳,远大路,苏州桥",2,__label__1880
"朝阳门,海运仓,东直门",2,__label__1881
"磁器口,新世界,崇文门",2,__label__1882
"长椿街,宣武门,和平门",2,__label__1883
"酒仙桥,燕莎,亮马桥",2,__label__1884
"马连道,西客站,广外大街",2,__label__1885
"白广路,白纸坊,右安门",2,__label__1886
"红庙,大望路,甜水园",2,__label__1887
"白广路,牛街,广安门",2,__label__1888
"中关村,魏公村,白石桥",2,__label__1889
"和平门,虎坊桥,大栅栏",2,__label__1890
"酒仙桥,大山子,将台路",2,__label__1891
"和平门,虎坊桥,前门",2,__label__1892
"皂君庙,北下关,中关村",2,__label__1893
"大观园,玉泉营,草桥",2,__label__1894
"西便门,长椿街,天宁寺",2,__label__1895
"京广桥,大望路,红庙",2,__label__1896
"菜市口,白纸坊,牛街",2,__label__1897
"安定门,六铺炕,安贞",2,__label__1898
"车公庄,官园,展览路",2,__label__1899
"木樨地,三里河,天宁寺",1,__label__1900
"官园,百万庄,阜成门",1,__label__1901
"牛街,白纸坊,右安门",1,__label__1902
"菜市口,虎坊桥,牛街",1,__label__1903
"珠市口,新世界,前门",1,__label__1904
"车公庄,甘家口,百万庄",1,__label__1905
"颐和园,万泉河,万柳",1,__label__1906
"天坛,法华寺,磁器口",1,__label__1907
"永定门,陶然亭,沙子口",1,__label__1908
"公主坟,万寿路,三里河",1,__label__1909
"新街口,什刹海,德胜门",1,__label__1910
"东四,灯市口,王府井",1,__label__1911
"东铁匠营,方庄,宋家庄",1,__label__1912
"阜成门,百万庄,车公庄",1,__label__1913
"牛街,白广路,广内大街",1,__label__1914
"牛街,菜市口,白广路",1,__label__1915
"车公庄,官园,阜成门",1,__label__1916
"万泉河,颐和园,苏州桥",1,__label__1917
"阜成门,官园,南礼士路",1,__label__1918
"建国门,花市,广渠门",1,__label__1919
"朝阳公园,亮马桥,三元桥",1,__label__1920
"王府井,灯市口,美术馆",1,__label__1921
"红庙,朝阳公园,甜水园",1,__label__1922
"沙子口,蒲黄榆,赵公口",1,__label__1923
"苏州街,北京大学,颐和园",1,__label__1924
"对外经贸,小营,亚运村",1,__label__1925
"北下关,交通大学,大钟寺",1,__label__1926
"花市,建国门,广渠门",1,__label__1927
"知春路,蓟门桥,北航",1,__label__1928
"角门,大红门,马家堡",1,__label__1929
"景山,王府井,东单",1,__label__1930
"车公庄,百万庄,三里河",1,__label__1931
"安华,马甸,安贞",1,__label__1932
"三元桥,国展,左家庄",1,__label__1933
"阜成门,南礼士路,官园",1,__label__1934
"中关村,苏州桥,人民大学",1,__label__1935
"美术馆,灯市口,景山",1,__label__1936
"CBD,京广桥,呼家楼",1,__label__1937
"建外大街,东大桥,朝外",1,__label__1938
"广安门,白广路,大观园",1,__label__1939
"马家堡,嘉园,开阳里",1,__label__1940
"地安门,景山,美术馆",1,__label__1941
"岳各庄,丰台体育馆,丽泽桥",1,__label__1942
"朝外,建外大街,朝阳门",1,__label__1943
"车公庄,航天桥,白石桥",1,__label__1944
"建国门,花市,北京站",1,__label__1945
"永定门,天桥,虎坊桥",1,__label__1946
"南磨房,大望路,劲松",1,__label__1947
"大山子,将台路,望京",1,__label__1948
"丽泽桥,红莲,六里桥",1,__label__1949
"北京站,新世界,东单",1,__label__1950
"右安门,大观园,白纸坊",1,__label__1951
"新街口,西直门,官园",1,__label__1952
"北大地,丽泽桥,看丹桥",1,__label__1953
"西客站,公主坟,木樨地",1,__label__1954
"亚运村,大屯,小营",1,__label__1955
"军博,西客站,公主坟",1,__label__1956
"建国门,广渠门,花市",1,__label__1957
"洋桥,木樨园,角门",1,__label__1958
"木樨园,大红门,赵公口",1,__label__1959
"大观园,白纸坊,白广路",1,__label__1960
"磁器口,天坛,广渠门",1,__label__1961
"苏州街,万泉河,中关村",1,__label__1962
"京广桥,CBD,大望路",1,__label__1963
"建外大街,朝外,东大桥",1,__label__1964
"中关村,大钟寺,双安",1,__label__1965
"团结湖,红庙,水碓子",1,__label__1966
"蒲黄榆,沙子口,方庄",1,__label__1967
"东大桥,建外大街,CBD",1,__label__1968
"珠市口,天桥,磁器口",1,__label__1969
"西直门,官园,新街口",1,__label__1970
"蓟门桥,学院路,知春路",1,__label__1971
"安贞,小关,惠新里",1,__label__1972
"北京站,花市,新世界",1,__label__1973
"北下关,小西天,交通大学",1,__label__1974
"菜市口,虎坊桥,和平门",1,__label__1975
"马连道,红莲,丽泽桥",1,__label__1976
"三里河,复兴门,木樨地",1,__label__1977
"皂君庙,中关村,大钟寺",1,__label__1978
"牛街,菜市口,白纸坊",1,__label__1979
"陶然亭,天桥,菜市口",1,__label__1980
"柳芳,左家庄,西坝河",1,__label__1981
"鼓楼,什刹海,安定门",1,__label__1982
"中关村,人民大学,魏公村",1,__label__1983
"宣武门,西单,长椿街",1,__label__1984
"海运仓,东四,朝阳门",1,__label__1985
"左家庄,西坝河,柳芳",1,__label__1986
"长椿街,复兴门,宣武门",1,__label__1987
"团结湖,工体,朝外",1,__label__1988
"皂君庙,大钟寺,中关村",1,__label__1989
"复兴门,长椿街,西便门",1,__label__1990
"广内大街,天宁寺,西便门",1,__label__1991
"太阳宫,西坝河,和平街",1,__label__1992
"雍和宫,交道口,安定门",1,__label__1993
"广内大街,牛街,菜市口",1,__label__1994
"清华大学,中关村,北京大学",1,__label__1995
"新街口,北太平庄,小西天",1,__label__1996
"小关,安慧桥,奥运村",1,__label__1997
"赵公口,东铁匠营,刘家窑",1,__label__1998
"沙子口,赵公口,永定门",1,__label__1999
"安贞,对外经贸,小关",1,__label__2000
"复兴门,宣武门,金融街",1,__label__2001
"沙子口,赵公口,蒲黄榆",1,__label__2002
"北新桥,雍和宫,交道口",1,__label__2003
"白纸坊,白广路,右安门",1,__label__2004
"虎坊桥,大栅栏,前门",1,__label__2005
"花园桥,航天桥,车公庄",1,__label__2006
"红莲,丽泽桥,广外大街",1,__label__2007
"月坛,百万庄,三里河",1,__label__2008
"魏公村,皂君庙,北下关",1,__label__2009
"永定门,天桥,陶然亭",1,__label__2010
"花市,建国门,北京站",1,__label__2011
"天宁寺,广安门,广内大街",1,__label__2012
"景山,地安门,美术馆",1,__label__2013
"体育馆路,龙潭湖,光明楼",1,__label__2014
"红庙,京广桥,大望路",1,__label__2015
"魏公村,苏州桥,万泉河",1,__label__2016
"刘家窑,蒲黄榆,方庄",1,__label__2017
"朝阳门,建外大街,朝外",1,__label__2018
"右安门,菜市口,陶然亭",1,__label__2019
"白纸坊,大观园,右安门",1,__label__2020
"蓟门桥,知春路,北太平庄",1,__label__2021
"万柳,苏州桥,苏州街",1,__label__2022
"柳芳,和平里,东直门",1,__label__2023
"洋桥,开阳里,木樨园",1,__label__2024
"蒲黄榆,沙子口,天坛",1,__label__2025
"车公庄,展览路,官园",1,__label__2026
"呼家楼,朝外,团结湖",1,__label__2027
"宣武门,广内大街,牛街",1,__label__2028
"紫竹桥,北洼路,万寿寺",1,__label__2029
"宣武门,菜市口,长椿街",1,__label__2030
"新世界,东单,王府井",1,__label__2031
"小关,奥运村,健翔桥",1,__label__2032
"复兴门,金融街,长椿街",1,__label__2033
"建国门,朝阳门,建外大街",1,__label__2034
"北京站,东单,灯市口",1,__label__2035
"大钟寺,中关村,皂君庙",1,__label__2036
"西直门,北下关,交通大学",1,__label__2037
"亚运村,对外经贸,安慧桥",1,__label__2038
"牛街,白纸坊,菜市口",1,__label__2039
"丽泽桥,马连道,红莲",1,__label__2040
"蒲黄榆,赵公口,沙子口",1,__label__2041
"车公庄,白石桥,动物园",1,__label__2042
"海运仓,朝阳门,东四",1,__label__2043
"永定门,沙子口,陶然亭",1,__label__2044
"西客站,天宁寺,公主坟",1,__label__2045
"远大路,紫竹桥,世纪城",1,__label__2046
"百万庄,车公庄,展览路",1,__label__2047
"新世界,东单,崇文门",1,__label__2048
"海运仓,东直门,朝阳门",1,__label__2049
"动物园,展览路,车公庄",1,__label__2050
"灯市口,王府井,东四",1,__label__2051
"新街口,小西天,德胜门",1,__label__2052
"紫竹桥,花园桥,白石桥",1,__label__2053
"大观园,白广路,广安门",1,__label__2054
"苏州桥,中关村,人民大学",1,__label__2055
"朝外,京广桥,工体",1,__label__2056
"白纸坊,牛街,右安门",1,__label__2057
"六铺炕,安贞,德胜门",1,__label__2058
"陶然亭,天桥,永定门",1,__label__2059
"西直门,小西天,新街口",1,__label__2060
"双井,南磨房,广渠门",1,__label__2061
"虎坊桥,和平门,大栅栏",1,__label__2062
"方庄,成寿寺,蒲黄榆",1,__label__2063
"中关村,魏公村,万寿寺",1,__label__2064
"广内大街,长椿街,宣武门",1,__label__2065
"朝外,建外大街,东大桥",1,__label__2066
"东单,北京站,灯市口",1,__label__2067
"蓟门桥,北太平庄,知春路",1,__label__2068
"西便门,复兴门,南礼士路",1,__label__2069
"广内大街,牛街,宣武门",1,__label__2070
"赵公口,刘家窑,沙子口",1,__label__2071
"万柳,万泉河,苏州桥",1,__label__2072
"车公庄,百万庄,展览路",1,__label__2073
"白广路,大观园,白纸坊",1,__label__2074
"工体,东直门,朝阳门",1,__label__2075
"宋家庄,成寿寺,刘家窑",1,__label__2076
"展览路,阜成门,官园",1,__label__2077
"中关村,大钟寺,皂君庙",1,__label__2078
"木樨园,沙子口,赵公口",1,__label__2079
"广外大街,广安门,大观园",1,__label__2080
"太平桥,六里桥,丽泽桥",1,__label__2081
"六铺炕,安定门,安贞",1,__label__2082
"百子湾,大望路,双井",1,__label__2083
"西客站,军博,公主坟",1,__label__2084
"丽泽桥,马连道,广外大街",1,__label__2085
"宣武门,广内大街,菜市口",1,__label__2086
"百万庄,车公庄,三里河",1,__label__2087
"马连道,丽泽桥,六里桥",1,__label__2088
"长椿街,西便门,广内大街",1,__label__2089
"东单,北京站,新世界",1,__label__2090
"北下关,动物园,西直门",1,__label__2091
"丽泽桥,六里桥,红莲",1,__label__2092
"新世界,磁器口,珠市口",1,__label__2093
"和平街,左家庄,太阳宫",1,__label__2094
"亮马桥,酒仙桥,燕莎",1,__label__2095
"车公庄,白石桥,三里河",1,__label__2096
"三里河,百万庄,甘家口",1,__label__2097
"天宁寺,复兴门,西便门",1,__label__2098
"白广路,大观园,广安门",1,__label__2099
"苏州街,颐和园,万泉河",1,__label__2100
"工体,朝阳门,东直门",1,__label__2101
"朝阳门,海运仓,东四",1,__label__2102
"团结湖,京广桥,水碓子",1,__label__2103
"广渠门,体育馆路,磁器口",1,__label__2104
"远大路,紫竹桥,四季青",1,__label__2105
"团结湖,红庙,朝阳公园",1,__label__2106
"大钟寺,知春路,蓟门桥",1,__label__2107
"龙潭湖,广渠门,光明楼",1,__label__2108
"对外经贸,小营,安慧桥",1,__label__2109
"西坝河,太阳宫,左家庄",1,__label__2110
"磁器口,珠市口,天坛",1,__label__2111
"六铺炕,德胜门,安定门",1,__label__2112
"北下关,白石桥,皂君庙",1,__label__2113
"洋桥,马家堡,开阳里",1,__label__2114
"中关村,皂君庙,魏公村",1,__label__2115
"CBD,大望路,百子湾",1,__label__2116
"团结湖,红庙,京广桥",1,__label__2117
"小营,安慧桥,亚运村",1,__label__2118
"奥运村,小关,健翔桥",1,__label__2119
"开阳里,草桥,右安门",1,__label__2120
"大观园,草桥,右安门",1,__label__2121
"CBD,大望路,双井",1,__label__2122
"天宁寺,西客站,广外大街",1,__label__2123
"白石桥,万寿寺,紫竹桥",1,__label__2124
"体育馆路,天坛,广渠门",1,__label__2125
"小关,对外经贸,安慧桥",1,__label__2126
"学院路,知春路,蓟门桥",1,__label__2127
"大观园,玉泉营,菜户营",1,__label__2128
"西客站,木樨地,公主坟",1,__label__2129
"广内大街,广安门,长椿街",1,__label__2130
"远大路,苏州桥,世纪城",1,__label__2131
"菜市口,牛街,宣武门",1,__label__2132
"四季青,远大路,世纪城",1,__label__2133
"中关村,苏州桥,魏公村",1,__label__2134
"洋桥,马家堡,西罗园",1,__label__2135
"京广桥,朝外,CBD",1,__label__2136
"牛街,广安门,白广路",1,__label__2137
"洋桥,角门,大红门",1,__label__2138
"大观园,开阳里,右安门",1,__label__2139
"西客站,六里桥,丽泽桥",1,__label__2140
"官园,西直门,新街口",1,__label__2141
"小关,奥运村,安慧桥",1,__label__2142
"后海,什刹海,鼓楼",1,__label__2143
"车公庄,白石桥,紫竹桥",1,__label__2144
"亮马桥,三元桥,麦子店",1,__label__2145
"大观园,草桥,开阳里",1,__label__2146
"建国门,CBD,建外大街",1,__label__2147
"百万庄,三里河,甘家口",1,__label__2148
"中关村,双安,大钟寺",1,__label__2149
"南礼士路,金融街,月坛",1,__label__2150
"地安门,安定门,鼓楼",1,__label__2151
"左家庄,西坝河,太阳宫",1,__label__2152
"东直门,海运仓,北新桥",1,__label__2153
"新街口,西直门,小西天",1,__label__2154
"亮马桥,麦子店,三元桥",1,__label__2155
"苏州桥,万寿寺,万柳",1,__label__2156
"建外大街,朝外,朝阳门",1,__label__2157
"广安门,菜户营,大观园",1,__label__2158
"珠市口,新世界,磁器口",1,__label__2159
"人民大学,中关村,双榆树",1,__label__2160
"西客站,公主坟,天宁寺",1,__label__2161
"北太平庄,健翔桥,马甸",1,__label__2162
"中关村,清华大学,北京大学",1,__label__2163
"洋桥,木樨园,开阳里",1,__label__2164
"景山,美术馆,地安门",1,__label__2165
"广内大街,广安门,菜市口",1,__label__2166
"牛街,菜市口,广内大街",1,__label__2167
"太阳宫,国展,左家庄",1,__label__2168
"永定门,天坛,陶然亭",1,__label__2169
"官园,西直门,西四",1,__label__2170
"对外经贸,安慧桥,小营",1,__label__2171
"西四,金融街,什刹海",1,__label__2172
"虎坊桥,陶然亭,天桥",1,__label__2173
"交道口,地安门,安定门",1,__label__2174
"宋家庄,刘家窑,成寿寺",1,__label__2175
"花市,新世界,崇文门",1,__label__2176
"北大地,岳各庄,丽泽桥",1,__label__2177
"动物园,展览路,西直门",1,__label__2178
"小营,亚运村,对外经贸",1,__label__2179
"天坛,法华寺,体育馆路",1,__label__2180
"宣武门,复兴门,西单",1,__label__2181
"动物园,车公庄,展览路",1,__label__2182
"健翔桥,小关,奥运村",1,__label__2183
"建国门,建外大街,广渠门",1,__label__2184
"CBD,京广桥,大望路",1,__label__2185
"刘家窑,宋家庄,赵公口",1,__label__2186
"和平里,左家庄,和平街",1,__label__2187
"北航,学院路,五道口",1,__label__2188
"建国门,建外大街,花市",1,__label__2189
"奥运村,小关,亚运村",1,__label__2190
"苏州桥,魏公村,万泉河",1,__label__2191
"虎坊桥,和平门,宣武门",1,__label__2192
"灯市口,东单,东四",1,__label__2193
"永定门,蒲黄榆,天坛",1,__label__2194
"百万庄,展览路,甘家口",1,__label__2195
"西客站,天宁寺,广外大街",1,__label__2196
"景山,王府井,美术馆",1,__label__2197
"新街口,官园,西四",1,__label__2198
"阜成门,月坛,百万庄",1,__label__2199
"奥运村,健翔桥,小关",1,__label__2200
"新街口,小西天,西直门",1,__label__2201
"前门,大栅栏,虎坊桥",1,__label__2202
"建国门,国贸,CBD",1,__label__2203
"车公庄,三里河,百万庄",1,__label__2204
"新街口,西四,什刹海",1,__label__2205
"左家庄,和平街,太阳宫",1,__label__2206
"朝阳门,朝外,东直门",1,__label__2207
"红莲,广外大街,丽泽桥",1,__label__2208
"洋桥,大红门,角门",1,__label__2209
"交道口,雍和宫,北新桥",1,__label__2210
"大观园,右安门,白纸坊",1,__label__2211
"建外大街,东大桥,CBD",1,__label__2212
"公主坟,西客站,军博",1,__label__2213
"对外经贸,和平街,安贞",1,__label__2214
"新世界,前门,崇文门",1,__label__2215
"地安门,美术馆,景山",1,__label__2216
"牛街,广内大街,长椿街",1,__label__2217
"三元桥,亮马桥,三里屯",1,__label__2218
"甜水园,朝阳公园,红庙",1,__label__2219
"呼家楼,团结湖,水碓子",1,__label__2220
"洋桥,西罗园,永定门",1,__label__2221
"车公庄,官园,动物园",1,__label__2222
"交道口,北新桥,东直门",1,__label__2223
"紫竹桥,花园桥,车公庄",1,__label__2224
"开阳里,洋桥,木樨园",1,__label__2225
"苏州街,苏州桥,人民大学",1,__label__2226
"马甸,北太平庄,蓟门桥",1,__label__2227
"天桥,大栅栏,前门",1,__label__2228
"赵公口,蒲黄榆,刘家窑",1,__label__2229
"景山,美术馆,东四",1,__label__2230
"四季青,紫竹桥,远大路",1,__label__2231
"地安门,美术馆,交道口",1,__label__2232
"珠市口,磁器口,天坛",1,__label__2233
"王府井,东单,景山",1,__label__2234
"复兴门,西便门,木樨地",1,__label__2235
"学院路,蓟门桥,知春路",1,__label__2236
"美术馆,灯市口,东四",1,__label__2237
"大望路,双井,南磨房",1,__label__2238
"团结湖,朝阳公园,红庙",1,__label__2239
"皂君庙,中关村,魏公村",1,__label__2240
"大望路,四惠,百子湾",1,__label__2241
"景山,王府井,沙滩",1,__label__2242
"广内大街,菜市口,牛街",1,__label__2243
"虎坊桥,大栅栏,珠市口",1,__label__2244
"美术馆,地安门,交道口",1,__label__2245
"蓟门桥,学院路,北太平庄",1,__label__2246
"CBD,大望路,京广桥",1,__label__2247
"小营,对外经贸,安慧桥",1,__label__2248
"工体,朝外,团结湖",1,__label__2249
"美术馆,地安门,景山",1,__label__2250
"新世界,北京站,花市",1,__label__2251
"西直门,小西天,动物园",1,__label__2252
"前门,和平门,宣武门",1,__label__2253
"西客站,广外大街,六里桥",1,__label__2254
"工体,团结湖,三里屯",1,__label__2255
"三里河,公主坟,万寿路",1,__label__2256
"岳各庄,丰台体育馆,北大地",1,__label__2257
"磁器口,崇文门,花市",1,__label__2258
"左家庄,柳芳,和平里",1,__label__2259
"广渠门,CBD,建国门",1,__label__2260
"CBD,建外大街,广渠门",1,__label__2261
